Amount,Category,Anomaly,Anomaly_Score,Anomaly_Label
1827.33,Food & Drink,-1,-0.6647413376228187,Anomaly
802.82,Food & Drink,-1,-0.6516867607295079,Anomaly
922.33,Health & Fitness,-1,-0.6425986177556585,Anomaly
1227.78,Utilities,-1,-0.6388713435091512,Anomaly
1224.05,Travel,-1,-0.6179983090511955,Anomaly
1655.71,Shopping,-1,-0.6161530807454282,Anomaly
530.94,Rent,-1,-0.6115760845163074,Anomaly
823.6,Health & Fitness,-1,-0.6104944879807201,Anomaly
135.57,Utilities,-1,-0.6103178308550383,Anomaly
23.59,Entertainment,-1,-0.6083226798460737,Anomaly
1836.92,Rent,-1,-0.6070362859030495,Anomaly
1697.54,Food & Drink,-1,-0.6050556187663348,Anomaly
1475.87,Food & Drink,-1,-0.6040659669211642,Anomaly
101.43,Food & Drink,-1,-0.6034343565522797,Anomaly
1883.56,Entertainment,-1,-0.602592671158291,Anomaly
39.3,Utilities,-1,-0.5960756581285547,Anomaly
1417.29,Utilities,-1,-0.595282513700485,Anomaly
1126.88,Food & Drink,-1,-0.5947233340922037,Anomaly
192.6,Food & Drink,-1,-0.5935454398422663,Anomaly
33.17,Food & Drink,-1,-0.5928559352973374,Anomaly
1001.77,Utilities,-1,-0.5920194218119771,Anomaly
56.12,Salary,-1,-0.5914384089311511,Anomaly
1652.37,Travel,-1,-0.5912620781760686,Anomaly
1628.82,Utilities,-1,-0.5900986641692375,Anomaly
267.08,Utilities,-1,-0.5895287826604337,Anomaly
491.06,Health & Fitness,-1,-0.5866729725353881,Anomaly
19.62,Utilities,-1,-0.586102703500944,Anomaly
1512.38,Health & Fitness,-1,-0.5857609737654248,Anomaly
771.61,Utilities,-1,-0.5856077469970654,Anomaly
1949.45,Rent,-1,-0.58483301067569,Anomaly
1600.69,Rent,-1,-0.58427870322591,Anomaly
130.49,Health & Fitness,-1,-0.5842021950439417,Anomaly
1939.48,Entertainment,-1,-0.5828488255827733,Anomaly
1056.13,Salary,-1,-0.5827106887604854,Anomaly
816.78,Utilities,-1,-0.581931918636316,Anomaly
472.06,Utilities,-1,-0.5815029349229579,Anomaly
1942.45,Travel,-1,-0.5812962176358395,Anomaly
1426.63,Health & Fitness,-1,-0.5803991333873212,Anomaly
216.82,Rent,-1,-0.5778100779351311,Anomaly
1520.03,Food & Drink,-1,-0.5776434884130623,Anomaly
727.25,Entertainment,-1,-0.5772460990630468,Anomaly
1956.01,Entertainment,-1,-0.5764503045980194,Anomaly
47.69,Entertainment,-1,-0.5758642744671681,Anomaly
582.7,Travel,-1,-0.5754561918020196,Anomaly
1191.51,Travel,-1,-0.5741761994297108,Anomaly
1048.87,Shopping,-1,-0.5739117087779505,Anomaly
1053.22,Utilities,-1,-0.5734511830643673,Anomaly
1589.46,Utilities,-1,-0.5732441303361032,Anomaly
1729.04,Salary,-1,-0.572735257236599,Anomaly
919.82,Utilities,-1,-0.5726061417540892,Anomaly
1945.39,Food & Drink,-1,-0.5720805589821146,Anomaly
234.98,Utilities,-1,-0.5711603794913783,Anomaly
1578.04,Shopping,-1,-0.5708929873354144,Anomaly
1944.06,Travel,-1,-0.5703300791752669,Anomaly
682.52,Rent,-1,-0.5703256166188996,Anomaly
274.07,Rent,-1,-0.5691391685920344,Anomaly
1576.09,Utilities,-1,-0.5691308166022245,Anomaly
359.23,Entertainment,-1,-0.5686879976275014,Anomaly
1661.67,Salary,-1,-0.5677774381315462,Anomaly
195.75,Travel,-1,-0.5674729793263503,Anomaly
465.81,Food & Drink,-1,-0.5673077951073395,Anomaly
1907.65,Health & Fitness,-1,-0.5664982284584508,Anomaly
1779.63,Salary,1,-0.5661069775834279,Normal
366.13,Utilities,1,-0.5659500735251459,Normal
1899.4,Utilities,1,-0.5654617298148922,Normal
232.63,Food & Drink,1,-0.5653563181382175,Normal
396.71,Travel,1,-0.5653490821502521,Normal
333.38,Health & Fitness,1,-0.5650405728749931,Normal
1914.85,Entertainment,1,-0.5648632792592888,Normal
1449.47,Utilities,1,-0.5647155701194025,Normal
1412.75,Travel,1,-0.5645174224898198,Normal
723.78,Food & Drink,1,-0.5644369365606926,Normal
1794.22,Rent,1,-0.5643057553633611,Normal
1239.49,Food & Drink,1,-0.5639652663720006,Normal
831.79,Utilities,1,-0.5636455514680957,Normal
1009.41,Food & Drink,1,-0.5636174305123496,Normal
418.84,Travel,1,-0.5635279835406459,Normal
1962.86,Utilities,1,-0.5629747659906502,Normal
1420.39,Salary,1,-0.5621805056800273,Normal
1619.3,Salary,1,-0.562112265167638,Normal
1404.76,Food & Drink,1,-0.5616959931255808,Normal
1043.47,Salary,1,-0.56131603646403,Normal
905.45,Rent,1,-0.5610512255038218,Normal
1133.69,Shopping,1,-0.5610406300176948,Normal
1214.14,Food & Drink,1,-0.5608447457684747,Normal
42.4,Salary,1,-0.560799160577303,Normal
1843.86,Travel,1,-0.5587856453767227,Normal
897.1,Entertainment,1,-0.5579154424581826,Normal
191.51,Utilities,1,-0.5577660122122511,Normal
831.68,Travel,1,-0.5573022578915293,Normal
1849.5,Salary,1,-0.5572355004978337,Normal
1379.53,Entertainment,1,-0.5567779871506894,Normal
613.34,Health & Fitness,1,-0.5566544862664581,Normal
418.93,Utilities,1,-0.5563794250581497,Normal
495.02,Salary,1,-0.5563690625652401,Normal
480.18,Utilities,1,-0.5562142569540358,Normal
1994.88,Travel,1,-0.5561605480520214,Normal
1729.41,Utilities,1,-0.5556679182565564,Normal
766.06,Rent,1,-0.5555806777657373,Normal
1338.89,Food & Drink,1,-0.555030215186516,Normal
209.55,Utilities,1,-0.5549270341870071,Normal
1984.77,Utilities,1,-0.5542353158435717,Normal
323.05,Health & Fitness,1,-0.5540492181842422,Normal
336.03,Food & Drink,1,-0.5540376538283506,Normal
180.37,Entertainment,1,-0.5537407616382656,Normal
1932.01,Health & Fitness,1,-0.5536710210342637,Normal
1051.69,Shopping,1,-0.5535270769389683,Normal
1351.47,Food & Drink,1,-0.553383736834707,Normal
556.22,Shopping,1,-0.5532434629057531,Normal
1551.79,Health & Fitness,1,-0.5527311823516274,Normal
28.48,Salary,1,-0.5518951823139923,Normal
1259.88,Entertainment,1,-0.551786783411247,Normal
1756.73,Food & Drink,1,-0.5515121815377887,Normal
1512.39,Shopping,1,-0.5514942000158234,Normal
67.62,Travel,1,-0.5512860162425774,Normal
29.25,Food & Drink,1,-0.5509387074266647,Normal
1456.94,Salary,1,-0.5506292301998615,Normal
730.37,Shopping,1,-0.549691359769301,Normal
799.6,Rent,1,-0.5490758762336028,Normal
1822.13,Food & Drink,1,-0.5490115105734147,Normal
1692.38,Travel,1,-0.5490111471275773,Normal
276.42,Travel,1,-0.5490080135723466,Normal
1277.86,Utilities,1,-0.5489121459347145,Normal
1445.59,Entertainment,1,-0.5482541239800364,Normal
100.03,Health & Fitness,1,-0.5481921580596729,Normal
306.9,Utilities,1,-0.5481271216406927,Normal
744.15,Food & Drink,1,-0.5480339735415943,Normal
1711.45,Utilities,1,-0.5470152464663018,Normal
1542.23,Salary,1,-0.5468773323050732,Normal
1928.07,Utilities,1,-0.5467888322105484,Normal
1569.26,Travel,1,-0.5466329440692608,Normal
710.1,Health & Fitness,1,-0.5465914147627103,Normal
833.49,Entertainment,1,-0.5465433748951066,Normal
540.94,Entertainment,1,-0.5461356577757802,Normal
62.47,Food & Drink,1,-0.5461033830379128,Normal
88.42,Utilities,1,-0.5460930183555645,Normal
383.7,Salary,1,-0.5458144520451077,Normal
1898.63,Utilities,1,-0.5458062835035128,Normal
380.91,Utilities,1,-0.545769817507031,Normal
1933.71,Salary,1,-0.5456144686182692,Normal
1554.53,Entertainment,1,-0.5455240321257179,Normal
626.07,Rent,1,-0.5455064605885083,Normal
1963.32,Food & Drink,1,-0.5454894282513923,Normal
1447.66,Food & Drink,1,-0.5454317900327795,Normal
1197.85,Food & Drink,1,-0.5453487463843665,Normal
1218.56,Utilities,1,-0.5451768464249609,Normal
1496.04,Utilities,1,-0.545164040131408,Normal
462.69,Travel,1,-0.5444729644698095,Normal
266.04,Rent,1,-0.5444451046586202,Normal
635.86,Shopping,1,-0.5442555185469159,Normal
1961.64,Utilities,1,-0.5438697307563215,Normal
577.28,Rent,1,-0.5437391742538884,Normal
409.58,Utilities,1,-0.5436751648492202,Normal
778.83,Rent,1,-0.5432734612126596,Normal
255.24,Utilities,1,-0.5430872516671456,Normal
666.31,Utilities,1,-0.5430232428628515,Normal
14.37,Entertainment,1,-0.5427740420406016,Normal
110.61,Salary,1,-0.5425339096582935,Normal
961.58,Utilities,1,-0.5417383176509953,Normal
166.87,Entertainment,1,-0.5417195277381637,Normal
1827.14,Entertainment,1,-0.5415741653549069,Normal
136.95,Rent,1,-0.5411891657820298,Normal
1156.8,Utilities,1,-0.5408478616458383,Normal
830.29,Health & Fitness,1,-0.5407951024535554,Normal
1386.72,Utilities,1,-0.5405129218310476,Normal
1705.22,Salary,1,-0.5404384354320797,Normal
1095.72,Utilities,1,-0.5400513285288999,Normal
1067.02,Entertainment,1,-0.5400277737298486,Normal
1818.76,Travel,1,-0.5398504853188717,Normal
1794.97,Food & Drink,1,-0.5395474866843062,Normal
1948.88,Entertainment,1,-0.5395303112541833,Normal
783.41,Utilities,1,-0.5394174962804739,Normal
946.3,Utilities,1,-0.5389954197359683,Normal
1512.66,Health & Fitness,1,-0.5388582681994208,Normal
1714.68,Health & Fitness,1,-0.5387797617096448,Normal
265.39,Health & Fitness,1,-0.5386269543017941,Normal
718.06,Entertainment,1,-0.5384842725456644,Normal
89.48,Utilities,1,-0.5382123316126755,Normal
1999.82,Food & Drink,1,-0.5380903627433733,Normal
630.04,Shopping,1,-0.538061108450145,Normal
169.64,Health & Fitness,1,-0.53793463915186,Normal
616.34,Rent,1,-0.5377862676767903,Normal
208.43,Salary,1,-0.5376623371228938,Normal
158.91,Utilities,1,-0.5374369444441043,Normal
1004.22,Food & Drink,1,-0.537098253005401,Normal
143.6,Salary,1,-0.5369535909595982,Normal
703.17,Utilities,1,-0.5368356349571214,Normal
1464.22,Rent,1,-0.5367789977507481,Normal
830.66,Food & Drink,1,-0.5365985615409139,Normal
1023.96,Utilities,1,-0.5361473677567022,Normal
1204.82,Travel,1,-0.5361098135468569,Normal
238.3,Food & Drink,1,-0.5359556130588432,Normal
956.98,Utilities,1,-0.5359486079397997,Normal
1031.34,Health & Fitness,1,-0.5358310666298861,Normal
1881.47,Travel,1,-0.5358167116530623,Normal
1781.32,Travel,1,-0.5357450502238809,Normal
333.69,Entertainment,1,-0.5353974829938034,Normal
184.38,Shopping,1,-0.5350942196318581,Normal
1099.9,Travel,1,-0.5350868858264004,Normal
1328.54,Travel,1,-0.535076341729153,Normal
1858.91,Rent,1,-0.5347571521053556,Normal
135.09,Entertainment,1,-0.5345489678893834,Normal
1732.94,Food & Drink,1,-0.534408453341272,Normal
185.16,Salary,1,-0.5343908766639996,Normal
1693.41,Travel,1,-0.5342864289389659,Normal
1254.56,Salary,1,-0.5341274817503378,Normal
121.52,Utilities,1,-0.5341028196344688,Normal
1878.72,Shopping,1,-0.5337380876354023,Normal
1659.26,Food & Drink,1,-0.5335854168445553,Normal
1013.18,Health & Fitness,1,-0.5335422212862602,Normal
1383.68,Travel,1,-0.5331695748101698,Normal
903.14,Travel,1,-0.5329930786978405,Normal
365.65,Salary,1,-0.5326462727855157,Normal
184.17,Food & Drink,1,-0.532465762870511,Normal
1982.06,Salary,1,-0.5324085147823654,Normal
15.45,Entertainment,1,-0.5323855703745841,Normal
156.99,Utilities,1,-0.5320836047101115,Normal
1533.97,Travel,1,-0.5320758938250724,Normal
211.5,Food & Drink,1,-0.5319630004788672,Normal
39.57,Utilities,1,-0.5318080933731675,Normal
151.28,Food & Drink,1,-0.531806690216028,Normal
1975.18,Utilities,1,-0.5315163374734276,Normal
878.08,Food & Drink,1,-0.5314747125227093,Normal
807.66,Rent,1,-0.5313770996641234,Normal
309.63,Entertainment,1,-0.5312659406758515,Normal
259.4,Rent,1,-0.531211210893555,Normal
1250.19,Utilities,1,-0.5311707284361603,Normal
601.89,Shopping,1,-0.5310360257777949,Normal
442.37,Health & Fitness,1,-0.5310338424483871,Normal
856.72,Rent,1,-0.5309856956292631,Normal
762.98,Utilities,1,-0.5307399104743511,Normal
1909.67,Health & Fitness,1,-0.5306677439936272,Normal
1375.33,Shopping,1,-0.5306203232818206,Normal
1938.42,Salary,1,-0.5303750739118848,Normal
251.64,Salary,1,-0.5299331167185799,Normal
1116.02,Travel,1,-0.5299241949856921,Normal
1996.26,Health & Fitness,1,-0.5297169732478173,Normal
960.62,Utilities,1,-0.529716581451643,Normal
165.42,Health & Fitness,1,-0.5295466952462653,Normal
1976.43,Rent,1,-0.5293028217926284,Normal
1481.91,Utilities,1,-0.529094539098066,Normal
670.15,Food & Drink,1,-0.5290775005294336,Normal
83.6,Salary,1,-0.5287611949554908,Normal
1114.8,Salary,1,-0.5287274395712184,Normal
1642.89,Travel,1,-0.5286828191381311,Normal
734.16,Utilities,1,-0.5286773179870856,Normal
1997.19,Food & Drink,1,-0.5285931667316683,Normal
1198.52,Utilities,1,-0.5285739552515839,Normal
1284.76,Utilities,1,-0.5285431321796609,Normal
155.79,Rent,1,-0.5285385544409048,Normal
473.67,Food & Drink,1,-0.5284215745379317,Normal
1487.4,Entertainment,1,-0.5281033762224675,Normal
1923.32,Food & Drink,1,-0.5280062018341322,Normal
1015.76,Travel,1,-0.5278904406182623,Normal
1961.74,Entertainment,1,-0.5277895287691584,Normal
1821.07,Entertainment,1,-0.5276684028820923,Normal
288.87,Food & Drink,1,-0.5276243706592828,Normal
106.83,Health & Fitness,1,-0.5274990696736079,Normal
1072.04,Travel,1,-0.5273756736146104,Normal
698.59,Entertainment,1,-0.5270425722643544,Normal
836.83,Travel,1,-0.5270141087255439,Normal
1270.92,Rent,1,-0.5269361421980756,Normal
143.68,Health & Fitness,1,-0.526433770968927,Normal
389.31,Shopping,1,-0.5263608645346576,Normal
146.36,Utilities,1,-0.5262655320011087,Normal
1700.66,Food & Drink,1,-0.5261932675758402,Normal
1920.67,Travel,1,-0.5260062328882807,Normal
371.16,Travel,1,-0.5258834932429423,Normal
1216.66,Entertainment,1,-0.5257800695383978,Normal
1537.89,Utilities,1,-0.5256693651024985,Normal
1404.44,Shopping,1,-0.5256016951003304,Normal
785.11,Food & Drink,1,-0.5254047598784327,Normal
342.26,Travel,1,-0.5253329089585002,Normal
333.68,Health & Fitness,1,-0.5251811669053309,Normal
438.78,Food & Drink,1,-0.5251165456182895,Normal
113.06,Utilities,1,-0.524944315792197,Normal
1310.83,Travel,1,-0.524941847481574,Normal
749.97,Rent,1,-0.5249137876690352,Normal
1848.58,Entertainment,1,-0.5248856963674016,Normal
515.02,Salary,1,-0.5248214438906904,Normal
1958.95,Utilities,1,-0.5245982074095547,Normal
1792.56,Shopping,1,-0.5243795234091827,Normal
305.82,Shopping,1,-0.5243694443646925,Normal
1938.3,Food & Drink,1,-0.5241789299371722,Normal
460.82,Entertainment,1,-0.5240002328361876,Normal
1526.1,Entertainment,1,-0.5239479281109555,Normal
1550.65,Health & Fitness,1,-0.5236019096084294,Normal
1604.63,Utilities,1,-0.5235301659285163,Normal
1765.47,Utilities,1,-0.5235213302274068,Normal
1458.39,Salary,1,-0.5233955070631098,Normal
1168.82,Rent,1,-0.5230671909065758,Normal
1610.7,Food & Drink,1,-0.5229345449887025,Normal
682.35,Food & Drink,1,-0.5228138141543499,Normal
252.48,Travel,1,-0.5227360132860654,Normal
362.52,Rent,1,-0.52244938688628,Normal
1611.37,Entertainment,1,-0.5223960344105486,Normal
195.18,Food & Drink,1,-0.5223134081446339,Normal
366.92,Food & Drink,1,-0.5221728146592561,Normal
1010.12,Rent,1,-0.5219601372131284,Normal
1169.1,Travel,1,-0.5217145182772438,Normal
1683.19,Food & Drink,1,-0.5216684292392165,Normal
1162.57,Food & Drink,1,-0.5215611936173218,Normal
1970.41,Rent,1,-0.5215569765211312,Normal
68.09,Shopping,1,-0.5215380529070373,Normal
1603.7,Health & Fitness,1,-0.5214951834739113,Normal
1428.77,Entertainment,1,-0.521491778100468,Normal
1540.25,Utilities,1,-0.5214224229715132,Normal
1671.53,Entertainment,1,-0.5213936160212518,Normal
1211.41,Health & Fitness,1,-0.5211270548066561,Normal
1365.57,Rent,1,-0.5210352359310937,Normal
71.85,Utilities,1,-0.520872358415928,Normal
1838.35,Shopping,1,-0.5208518335941744,Normal
1845.23,Rent,1,-0.5207249869339261,Normal
1723.49,Health & Fitness,1,-0.5207114251176128,Normal
748.33,Utilities,1,-0.5206458637505034,Normal
214.26,Food & Drink,1,-0.5206314927729262,Normal
259.09,Travel,1,-0.5205938678224942,Normal
1516.84,Utilities,1,-0.5202914403245719,Normal
1451.13,Utilities,1,-0.5202111851847329,Normal
1095.49,Utilities,1,-0.5200256899020307,Normal
93.71,Travel,1,-0.5200053551204612,Normal
145.26,Entertainment,1,-0.5198973488471459,Normal
1560.09,Utilities,1,-0.5197432650861278,Normal
904.97,Food & Drink,1,-0.5196684483758667,Normal
580.96,Travel,1,-0.5194535602176723,Normal
798.53,Health & Fitness,1,-0.5192438760107798,Normal
997.33,Rent,1,-0.5189282005379214,Normal
1747.27,Utilities,1,-0.5188309247645622,Normal
1227.24,Travel,1,-0.5187576114467891,Normal
1935.09,Salary,1,-0.5187528661743822,Normal
1750.23,Entertainment,1,-0.5186481928781946,Normal
1604.28,Travel,1,-0.5185480730616003,Normal
1249.37,Travel,1,-0.5184327129916262,Normal
1950.99,Health & Fitness,1,-0.5183427594330721,Normal
741.41,Travel,1,-0.5181446991777059,Normal
759.55,Utilities,1,-0.5180555446306099,Normal
953.45,Food & Drink,1,-0.5180498373356266,Normal
756.63,Food & Drink,1,-0.5179815902509799,Normal
89.41,Food & Drink,1,-0.5179253000359595,Normal
240.68,Health & Fitness,1,-0.5179183084289545,Normal
888.16,Utilities,1,-0.5177745861285888,Normal
97.73,Travel,1,-0.5177222294124398,Normal
1929.08,Shopping,1,-0.517617390005707,Normal
162.69,Travel,1,-0.5174149939031396,Normal
317.91,Entertainment,1,-0.5174024943444226,Normal
558.07,Utilities,1,-0.5173342376588199,Normal
1978.91,Food & Drink,1,-0.5171766380493473,Normal
1411.96,Salary,1,-0.5171713567135792,Normal
668.82,Health & Fitness,1,-0.517022391888854,Normal
1111.41,Salary,1,-0.517019770058723,Normal
1286.74,Utilities,1,-0.5169118017779198,Normal
329.87,Food & Drink,1,-0.5168631279633631,Normal
722.26,Entertainment,1,-0.5167079578487062,Normal
1582.84,Entertainment,1,-0.5166071532277291,Normal
1276.01,Utilities,1,-0.5164651706865404,Normal
1102.12,Utilities,1,-0.5160596713849777,Normal
1012.75,Utilities,1,-0.5160168737355748,Normal
1934.87,Shopping,1,-0.5159466690893468,Normal
686.53,Travel,1,-0.5158598496203178,Normal
337.67,Travel,1,-0.515780158883207,Normal
864.17,Entertainment,1,-0.5157798702230898,Normal
1560.15,Travel,1,-0.5156122385042854,Normal
1732.39,Food & Drink,1,-0.5154119801486277,Normal
898.72,Entertainment,1,-0.5153303076107697,Normal
551.97,Utilities,1,-0.5152078043754079,Normal
1314.25,Food & Drink,1,-0.5151978533617256,Normal
341.01,Health & Fitness,1,-0.5150576356170684,Normal
1063.63,Utilities,1,-0.5150542294729047,Normal
133.91,Shopping,1,-0.514824813892669,Normal
415.16,Health & Fitness,1,-0.5145765947776928,Normal
856.03,Entertainment,1,-0.5142258514229836,Normal
1405.84,Utilities,1,-0.5140969247361605,Normal
153.43,Health & Fitness,1,-0.5139410669973546,Normal
910.99,Health & Fitness,1,-0.5138724039405481,Normal
273.59,Travel,1,-0.5138212515868477,Normal
1069.24,Health & Fitness,1,-0.5136100256909534,Normal
576.51,Travel,1,-0.5135230950826267,Normal
387.77,Health & Fitness,1,-0.5135090142932704,Normal
865.28,Utilities,1,-0.5134787185081928,Normal
348.27,Utilities,1,-0.513388403208872,Normal
720.62,Food & Drink,1,-0.5133791599332879,Normal
655.78,Shopping,1,-0.5131864378928473,Normal
131.35,Salary,1,-0.5131736539060442,Normal
1033.48,Health & Fitness,1,-0.5131613268823431,Normal
1910.63,Salary,1,-0.5131147045766214,Normal
1509.98,Salary,1,-0.5130438048089785,Normal
1159.17,Health & Fitness,1,-0.5129397646242384,Normal
1328.26,Shopping,1,-0.5128963387804861,Normal
1414.49,Food & Drink,1,-0.5128800219613945,Normal
1831.36,Health & Fitness,1,-0.5128311022150057,Normal
53.66,Travel,1,-0.5128099851224986,Normal
1009.18,Food & Drink,1,-0.5127593829208371,Normal
1475.58,Utilities,1,-0.5126767410755683,Normal
1191.91,Food & Drink,1,-0.5126389959346983,Normal
1015.8,Rent,1,-0.5125571698102225,Normal
1633.41,Entertainment,1,-0.5123600200178002,Normal
1961.22,Travel,1,-0.5123588529940082,Normal
180.53,Shopping,1,-0.5122734328500762,Normal
1169.78,Salary,1,-0.5122466164156728,Normal
281.54,Health & Fitness,1,-0.5122415550727218,Normal
1398.31,Food & Drink,1,-0.5119825491775122,Normal
514.09,Rent,1,-0.5119474895668271,Normal
673.28,Shopping,1,-0.5117753044566467,Normal
1902.47,Food & Drink,1,-0.5117110911686031,Normal
97.26,Salary,1,-0.5113727572172967,Normal
1176.9,Entertainment,1,-0.5111834312104723,Normal
1233.87,Rent,1,-0.5111060255645143,Normal
1628.24,Health & Fitness,1,-0.5111014598773345,Normal
549.8,Health & Fitness,1,-0.5110956277829722,Normal
1993.3,Salary,1,-0.5110850230953555,Normal
240.98,Rent,1,-0.5110672009308787,Normal
1031.04,Health & Fitness,1,-0.5108121735207034,Normal
661.33,Travel,1,-0.5106835141571091,Normal
1950.21,Salary,1,-0.5106172324758853,Normal
408.35,Salary,1,-0.5105530248504456,Normal
1005.52,Entertainment,1,-0.5104573052511173,Normal
1718.79,Food & Drink,1,-0.5102879427723697,Normal
1799.63,Travel,1,-0.5102853505667767,Normal
743.03,Food & Drink,1,-0.5101964180955794,Normal
1929.62,Health & Fitness,1,-0.5101770823629773,Normal
1402.47,Travel,1,-0.5100447739050633,Normal
1601.8,Salary,1,-0.5100370241912008,Normal
1879.08,Health & Fitness,1,-0.5099581292980034,Normal
1234.23,Entertainment,1,-0.5099476843189292,Normal
1135.64,Salary,1,-0.5098973037350952,Normal
147.22,Health & Fitness,1,-0.5096330769136963,Normal
837.7,Utilities,1,-0.5096233536348762,Normal
562.16,Utilities,1,-0.5095596394091286,Normal
1197.51,Salary,1,-0.5094851205827539,Normal
247.69,Utilities,1,-0.509345419160922,Normal
1055.76,Rent,1,-0.5091195265917887,Normal
189.7,Health & Fitness,1,-0.5090666533806232,Normal
246.23,Health & Fitness,1,-0.5088545908887844,Normal
193.67,Food & Drink,1,-0.5088034446204698,Normal
1348.86,Entertainment,1,-0.5087091967494349,Normal
195.45,Rent,1,-0.5086280747375901,Normal
25.38,Rent,1,-0.5085826082869551,Normal
1817.74,Utilities,1,-0.5085487497252191,Normal
991.23,Shopping,1,-0.5085159807221894,Normal
1895.04,Travel,1,-0.5084590433295706,Normal
430.27,Utilities,1,-0.5083485927169806,Normal
1530.46,Food & Drink,1,-0.5081858658810028,Normal
19.29,Shopping,1,-0.5080802498958615,Normal
1436.41,Entertainment,1,-0.5080096248480064,Normal
1408.95,Travel,1,-0.5080076772701921,Normal
578.64,Salary,1,-0.5078560916718577,Normal
963.23,Entertainment,1,-0.5078538402029948,Normal
1935.85,Salary,1,-0.5077743126306083,Normal
318.69,Health & Fitness,1,-0.5075891091550947,Normal
1149.41,Food & Drink,1,-0.5075014717477301,Normal
1099.09,Rent,1,-0.5074470032228426,Normal
101.52,Food & Drink,1,-0.5073505861382895,Normal
454.24,Health & Fitness,1,-0.5073471270590111,Normal
541.98,Health & Fitness,1,-0.5072273423869758,Normal
227.36,Utilities,1,-0.507036044246151,Normal
407.35,Salary,1,-0.5070152573960994,Normal
1654.76,Shopping,1,-0.5069314757538961,Normal
555.22,Entertainment,1,-0.5067682876213913,Normal
779.81,Utilities,1,-0.5067226177386811,Normal
406.37,Food & Drink,1,-0.5065249820090234,Normal
179.51,Travel,1,-0.5064433107889428,Normal
1915.87,Utilities,1,-0.5064375832069414,Normal
241.08,Salary,1,-0.5062689064897077,Normal
1553.63,Entertainment,1,-0.5061242591156349,Normal
464.52,Rent,1,-0.5061130190727915,Normal
1712.35,Entertainment,1,-0.5061117737301756,Normal
1901.21,Salary,1,-0.5059743492752335,Normal
1731.87,Salary,1,-0.5059434497233449,Normal
45.65,Entertainment,1,-0.5059390255955755,Normal
315.64,Salary,1,-0.5059100243391892,Normal
1671.4,Travel,1,-0.5057365989649915,Normal
471.39,Salary,1,-0.5056931853749088,Normal
427.66,Entertainment,1,-0.5056324391612154,Normal
1979.15,Travel,1,-0.505587601239079,Normal
541.44,Entertainment,1,-0.5054699793844789,Normal
607.87,Utilities,1,-0.5054640014849061,Normal
195.84,Health & Fitness,1,-0.5054022353190358,Normal
1384.12,Health & Fitness,1,-0.5053898435958484,Normal
853.38,Travel,1,-0.5050998550708243,Normal
1564.65,Rent,1,-0.5049989165699545,Normal
249.36,Utilities,1,-0.504976311985824,Normal
1498.21,Entertainment,1,-0.5049286297379997,Normal
1906.05,Utilities,1,-0.5048804422512215,Normal
169.7,Shopping,1,-0.5048718909101856,Normal
1171.57,Shopping,1,-0.5044405731464521,Normal
1931.6,Shopping,1,-0.5043911242919553,Normal
844.28,Utilities,1,-0.5043845750356605,Normal
503.33,Rent,1,-0.504334945223948,Normal
1899.73,Food & Drink,1,-0.5040864908367201,Normal
1691.86,Shopping,1,-0.5038946123318818,Normal
1772.72,Entertainment,1,-0.5038600607356588,Normal
117.75,Utilities,1,-0.5037435633538967,Normal
1047.02,Entertainment,1,-0.5037335212244451,Normal
1233.47,Food & Drink,1,-0.5037182498652847,Normal
708.78,Travel,1,-0.5036200882209525,Normal
516.37,Shopping,1,-0.5033518653170901,Normal
1415.77,Utilities,1,-0.5032974057061257,Normal
1369.95,Travel,1,-0.5032705968038275,Normal
1627.16,Food & Drink,1,-0.5032481623730306,Normal
1813.54,Entertainment,1,-0.5031361150000809,Normal
1980.56,Entertainment,1,-0.5031098979401468,Normal
915.1,Food & Drink,1,-0.503097723040063,Normal
1340.49,Food & Drink,1,-0.5029335331671775,Normal
1874.95,Entertainment,1,-0.5028358411777132,Normal
852.91,Shopping,1,-0.502823175473167,Normal
1999.15,Food & Drink,1,-0.5027449211757609,Normal
1157.94,Entertainment,1,-0.5027074976580798,Normal
125.23,Entertainment,1,-0.5026433096301479,Normal
953.24,Food & Drink,1,-0.5025296556492639,Normal
1449.89,Rent,1,-0.5024036848935048,Normal
204.39,Food & Drink,1,-0.5023387687096447,Normal
1956.89,Shopping,1,-0.5022388583323024,Normal
183.72,Utilities,1,-0.502212191630779,Normal
15.32,Utilities,1,-0.5020502946957732,Normal
1217.07,Travel,1,-0.5020464842677664,Normal
1742.33,Rent,1,-0.5020416492738922,Normal
1474.48,Utilities,1,-0.5020020317242765,Normal
1065.71,Rent,1,-0.5019149044916628,Normal
117.58,Shopping,1,-0.5016502979787526,Normal
1311.28,Salary,1,-0.5016097002512679,Normal
1279.36,Utilities,1,-0.501500888418715,Normal
265.5,Utilities,1,-0.5012814691303238,Normal
86.13,Travel,1,-0.5011312708639309,Normal
694.33,Utilities,1,-0.500721816993572,Normal
171.63,Food & Drink,1,-0.500620179448484,Normal
325.64,Health & Fitness,1,-0.5005795953029247,Normal
973.62,Travel,1,-0.500436452150985,Normal
1635.01,Food & Drink,1,-0.500360670407193,Normal
475.67,Salary,1,-0.500328494130989,Normal
117.87,Shopping,1,-0.5003150984103188,Normal
1894.38,Utilities,1,-0.500148067637107,Normal
696.8,Salary,1,-0.5000999097815144,Normal
209.27,Utilities,1,-0.5000996616648123,Normal
994.48,Entertainment,1,-0.5000285250854601,Normal
1003.61,Entertainment,1,-0.499983611955018,Normal
898.79,Health & Fitness,1,-0.49974949298746685,Normal
57.27,Utilities,1,-0.4996259009464487,Normal
382.43,Travel,1,-0.4993740300379547,Normal
695.06,Health & Fitness,1,-0.49934097274625017,Normal
1164.86,Salary,1,-0.4993345920921803,Normal
933.27,Salary,1,-0.4993293000728558,Normal
1671.47,Travel,1,-0.4993021939089317,Normal
1395.18,Salary,1,-0.4992557614966994,Normal
632.04,Utilities,1,-0.49925271964944506,Normal
1458.44,Utilities,1,-0.49924938745079667,Normal
521.37,Utilities,1,-0.4992015474252854,Normal
1410.44,Rent,1,-0.4991667196576689,Normal
1741.03,Utilities,1,-0.4991201139661775,Normal
510.29,Travel,1,-0.49911404394702497,Normal
101.1,Rent,1,-0.49903167604657633,Normal
1940.59,Health & Fitness,1,-0.4989692870932704,Normal
1553.72,Travel,1,-0.4989550006999478,Normal
1436.67,Entertainment,1,-0.4989434618416381,Normal
989.76,Health & Fitness,1,-0.4988628638317329,Normal
1782.69,Food & Drink,1,-0.49882579803773497,Normal
144.13,Entertainment,1,-0.49881262054929165,Normal
134.99,Salary,1,-0.4986913673558264,Normal
535.61,Travel,1,-0.49867352339419924,Normal
784.35,Salary,1,-0.4986154916658914,Normal
1809.95,Entertainment,1,-0.4986006593064183,Normal
1376.36,Travel,1,-0.4985773697388299,Normal
1675.03,Entertainment,1,-0.49853674942831727,Normal
1614.27,Shopping,1,-0.4984569444976628,Normal
1973.9,Food & Drink,1,-0.49842075742618536,Normal
140.58,Utilities,1,-0.49839607773620487,Normal
156.25,Salary,1,-0.4983920096458152,Normal
1155.84,Travel,1,-0.4982650317190606,Normal
1653.56,Food & Drink,1,-0.4982383423459804,Normal
1602.32,Entertainment,1,-0.49823023806680716,Normal
885.13,Utilities,1,-0.4982001554658182,Normal
280.86,Entertainment,1,-0.4981844183550373,Normal
554.46,Entertainment,1,-0.49811440133543167,Normal
1342.22,Salary,1,-0.49796214900552566,Normal
1914.41,Entertainment,1,-0.49795314775158206,Normal
283.82,Utilities,1,-0.49789000774865877,Normal
1107.84,Salary,1,-0.49773527017835784,Normal
191.74,Food & Drink,1,-0.49762281349949006,Normal
850.26,Rent,1,-0.49754108044702694,Normal
1729.85,Health & Fitness,1,-0.49709377305251345,Normal
1017.41,Shopping,1,-0.49707837811985456,Normal
1900.64,Health & Fitness,1,-0.49705441652720334,Normal
904.15,Travel,1,-0.4970529752072404,Normal
191.36,Travel,1,-0.497042314401694,Normal
1800.38,Entertainment,1,-0.49703560968907706,Normal
687.27,Travel,1,-0.49698294341917265,Normal
676.67,Food & Drink,1,-0.4969150252331627,Normal
1756.18,Travel,1,-0.49690244222725866,Normal
1389.42,Entertainment,1,-0.4968774956129525,Normal
1530.68,Utilities,1,-0.4968214747555859,Normal
1427.28,Entertainment,1,-0.4964823891126336,Normal
430.72,Entertainment,1,-0.49620466870991425,Normal
1496.29,Rent,1,-0.4961288562740349,Normal
935.42,Entertainment,1,-0.49603049228393664,Normal
1746.91,Salary,1,-0.4960186997294233,Normal
1764.02,Utilities,1,-0.4959518042847751,Normal
1509.42,Travel,1,-0.4959423442379342,Normal
1919.0,Health & Fitness,1,-0.4957738451768916,Normal
1378.66,Food & Drink,1,-0.49565799863179805,Normal
608.47,Entertainment,1,-0.4955644910828784,Normal
1610.42,Health & Fitness,1,-0.4954414637577498,Normal
627.24,Rent,1,-0.495382679117052,Normal
1635.61,Utilities,1,-0.49529330622574824,Normal
1985.77,Utilities,1,-0.49528328381525183,Normal
824.47,Entertainment,1,-0.49519895319097657,Normal
123.19,Utilities,1,-0.49519391613680774,Normal
673.39,Utilities,1,-0.4951730638801921,Normal
295.02,Salary,1,-0.49515219353444545,Normal
330.3,Utilities,1,-0.49510350895585653,Normal
1718.84,Travel,1,-0.49509564353261065,Normal
304.07,Shopping,1,-0.4950902405688294,Normal
1474.62,Rent,1,-0.4948837968168704,Normal
1908.62,Food & Drink,1,-0.4948463945045616,Normal
1816.79,Food & Drink,1,-0.49471657449171985,Normal
1575.24,Food & Drink,1,-0.4947040759769599,Normal
450.93,Health & Fitness,1,-0.49461536982237975,Normal
623.76,Health & Fitness,1,-0.4945831765388524,Normal
1060.15,Salary,1,-0.49452845058259537,Normal
1964.95,Health & Fitness,1,-0.49446477406889494,Normal
1077.09,Salary,1,-0.49442017156173856,Normal
683.74,Travel,1,-0.49414767924257263,Normal
281.88,Utilities,1,-0.49411058840324495,Normal
1149.7,Salary,1,-0.4940486360127311,Normal
776.54,Rent,1,-0.4940198635800001,Normal
355.74,Food & Drink,1,-0.49401782530400723,Normal
869.43,Rent,1,-0.49392854289392363,Normal
518.1,Salary,1,-0.49388685946457994,Normal
144.68,Health & Fitness,1,-0.4938868064135385,Normal
1310.53,Utilities,1,-0.49366958183689885,Normal
1808.91,Salary,1,-0.4936591371133319,Normal
877.0,Entertainment,1,-0.49356981271597977,Normal
1433.32,Utilities,1,-0.49342682241929536,Normal
1830.33,Salary,1,-0.49339932957930854,Normal
1442.31,Rent,1,-0.49336236888711715,Normal
1216.57,Shopping,1,-0.49334370732662614,Normal
1918.2,Entertainment,1,-0.49329113431304566,Normal
886.04,Health & Fitness,1,-0.49323576290089227,Normal
549.48,Salary,1,-0.49312409916890476,Normal
281.7,Salary,1,-0.4930605044268478,Normal
28.54,Rent,1,-0.49302016183980113,Normal
342.74,Rent,1,-0.49264257768135955,Normal
619.35,Entertainment,1,-0.49255590570136976,Normal
397.55,Travel,1,-0.49232867902190897,Normal
1787.12,Health & Fitness,1,-0.4922739388922235,Normal
663.24,Shopping,1,-0.4921858930848003,Normal
769.42,Shopping,1,-0.49216135722681603,Normal
995.7,Utilities,1,-0.49177120989451384,Normal
787.0,Food & Drink,1,-0.4917107367123655,Normal
1043.01,Health & Fitness,1,-0.49170921435829446,Normal
1037.84,Health & Fitness,1,-0.491662450887919,Normal
318.05,Salary,1,-0.49154283974653273,Normal
750.31,Health & Fitness,1,-0.4912991471248638,Normal
1341.27,Travel,1,-0.49121525167788377,Normal
1903.56,Salary,1,-0.4911315021173977,Normal
624.78,Food & Drink,1,-0.491082192627647,Normal
1266.23,Shopping,1,-0.49101061160835946,Normal
1457.58,Rent,1,-0.4909572188855862,Normal
185.38,Health & Fitness,1,-0.49092735862772824,Normal
1610.13,Travel,1,-0.4908489425812295,Normal
1536.02,Health & Fitness,1,-0.49081936143719546,Normal
1669.88,Utilities,1,-0.4908192126243696,Normal
1517.13,Salary,1,-0.49059477948465424,Normal
110.65,Food & Drink,1,-0.4903414072016863,Normal
1549.59,Food & Drink,1,-0.4902716824842678,Normal
1941.7,Shopping,1,-0.490141616436816,Normal
1010.78,Shopping,1,-0.4900858582429387,Normal
1730.65,Entertainment,1,-0.489894865762933,Normal
1956.19,Rent,1,-0.4898753108044629,Normal
1739.13,Food & Drink,1,-0.48986266351714786,Normal
1026.74,Entertainment,1,-0.4897096850741557,Normal
1909.36,Salary,1,-0.4896634576904466,Normal
486.51,Travel,1,-0.489576255349108,Normal
1679.96,Rent,1,-0.4895430186066462,Normal
1274.47,Shopping,1,-0.48936375935472914,Normal
883.92,Travel,1,-0.48929107595642446,Normal
692.04,Utilities,1,-0.48928839999783036,Normal
1735.93,Salary,1,-0.4892360776137546,Normal
1834.33,Utilities,1,-0.48919201591486744,Normal
537.46,Utilities,1,-0.48909873870443354,Normal
1725.6,Rent,1,-0.48905786282599545,Normal
67.76,Salary,1,-0.4888860297223854,Normal
59.16,Travel,1,-0.48881174519907494,Normal
633.24,Utilities,1,-0.4887921883503161,Normal
662.56,Rent,1,-0.48870163077182555,Normal
1185.08,Rent,1,-0.48864315778453254,Normal
1643.82,Health & Fitness,1,-0.4886369029596218,Normal
1581.22,Salary,1,-0.4885005013079515,Normal
1318.74,Food & Drink,1,-0.4883120848996202,Normal
466.42,Travel,1,-0.4881694594230278,Normal
1429.09,Entertainment,1,-0.4881681032412527,Normal
1740.54,Salary,1,-0.4881458773475441,Normal
556.45,Entertainment,1,-0.48801876051684684,Normal
651.39,Travel,1,-0.48801843436886966,Normal
1714.9,Food & Drink,1,-0.48800134043891136,Normal
986.7,Travel,1,-0.4879600378428769,Normal
433.13,Health & Fitness,1,-0.4879201073833753,Normal
1156.73,Travel,1,-0.4878637015219484,Normal
314.15,Entertainment,1,-0.4878164890258933,Normal
196.07,Food & Drink,1,-0.4876453907477011,Normal
522.08,Health & Fitness,1,-0.4875619948142627,Normal
416.8,Food & Drink,1,-0.4873078341106338,Normal
1337.12,Travel,1,-0.487212349833655,Normal
681.63,Health & Fitness,1,-0.48716769207471444,Normal
918.36,Rent,1,-0.48706889906186546,Normal
1209.22,Salary,1,-0.4870349739756372,Normal
228.75,Utilities,1,-0.48697308474243917,Normal
236.91,Salary,1,-0.48684425368533807,Normal
579.36,Entertainment,1,-0.48683692441996707,Normal
1514.8,Food & Drink,1,-0.48655931640033917,Normal
192.51,Shopping,1,-0.48630861686531507,Normal
1242.9,Food & Drink,1,-0.48629868487646627,Normal
481.44,Health & Fitness,1,-0.48627921076651787,Normal
1265.2,Entertainment,1,-0.48623444257614395,Normal
881.99,Utilities,1,-0.4862039121273242,Normal
904.65,Entertainment,1,-0.48617418435321474,Normal
1255.73,Utilities,1,-0.48594731328150137,Normal
497.02,Food & Drink,1,-0.48593834035129335,Normal
251.69,Utilities,1,-0.4858482897981806,Normal
1148.2,Entertainment,1,-0.48563597516387746,Normal
912.89,Travel,1,-0.4856301484925332,Normal
1826.23,Health & Fitness,1,-0.48562613224293066,Normal
837.53,Health & Fitness,1,-0.48545578865846456,Normal
911.16,Travel,1,-0.4853955329410849,Normal
1018.16,Shopping,1,-0.48503470469535526,Normal
493.56,Salary,1,-0.48495671687090314,Normal
343.9,Health & Fitness,1,-0.48494805866821455,Normal
837.9,Rent,1,-0.48492308933028994,Normal
1339.0,Health & Fitness,1,-0.4847729214297766,Normal
1170.22,Food & Drink,1,-0.48472509062261404,Normal
437.89,Food & Drink,1,-0.4847012305698234,Normal
180.56,Rent,1,-0.48438657089478904,Normal
947.98,Travel,1,-0.4841011310068569,Normal
1603.18,Health & Fitness,1,-0.4840586470641443,Normal
1027.24,Entertainment,1,-0.4840383415038645,Normal
1281.49,Travel,1,-0.4840277437973,Normal
123.76,Health & Fitness,1,-0.4838978253010804,Normal
366.9,Food & Drink,1,-0.4838741224969404,Normal
1325.61,Rent,1,-0.4838234473039987,Normal
1178.85,Food & Drink,1,-0.48380037879445,Normal
379.62,Shopping,1,-0.4837993803397286,Normal
649.84,Entertainment,1,-0.4837992850879124,Normal
932.73,Health & Fitness,1,-0.4837965603205417,Normal
1814.75,Travel,1,-0.48376373675901435,Normal
594.63,Utilities,1,-0.48374927723133465,Normal
382.33,Utilities,1,-0.48359938490193666,Normal
640.59,Health & Fitness,1,-0.48345426912273437,Normal
492.49,Entertainment,1,-0.48338097189312124,Normal
1025.86,Rent,1,-0.4831939704886639,Normal
682.13,Travel,1,-0.4831071249844885,Normal
1201.9,Food & Drink,1,-0.48295122484080166,Normal
727.01,Health & Fitness,1,-0.4829071123126542,Normal
960.12,Salary,1,-0.4828536043319444,Normal
1149.74,Travel,1,-0.48273661836720116,Normal
1406.62,Travel,1,-0.4826689072540052,Normal
64.63,Travel,1,-0.48203244815254276,Normal
1783.75,Travel,1,-0.48198939017938125,Normal
700.94,Food & Drink,1,-0.4818126297010495,Normal
46.28,Health & Fitness,1,-0.4817783443991725,Normal
640.91,Salary,1,-0.48177825982755124,Normal
1676.58,Travel,1,-0.4817153587515252,Normal
391.94,Entertainment,1,-0.4816280468521599,Normal
47.82,Rent,1,-0.4815361627552854,Normal
1648.49,Shopping,1,-0.48148536337590986,Normal
1088.67,Health & Fitness,1,-0.4812652908675226,Normal
1900.58,Health & Fitness,1,-0.48113158191055555,Normal
1350.66,Shopping,1,-0.4810606090291112,Normal
1580.56,Food & Drink,1,-0.48096822145144497,Normal
1221.9,Food & Drink,1,-0.4808992659523835,Normal
1038.16,Rent,1,-0.4807877203403952,Normal
1481.76,Travel,1,-0.48078625001222497,Normal
1544.74,Shopping,1,-0.48051164030453447,Normal
1681.82,Travel,1,-0.4804224895009632,Normal
801.78,Travel,1,-0.4803782859642938,Normal
816.01,Rent,1,-0.4802662205609163,Normal
566.46,Shopping,1,-0.480211096377173,Normal
690.05,Entertainment,1,-0.4801882419807027,Normal
921.5,Travel,1,-0.48014660015365906,Normal
1372.38,Entertainment,1,-0.47985598806761337,Normal
126.6,Travel,1,-0.47978787260176936,Normal
1628.88,Health & Fitness,1,-0.47977379180001445,Normal
1327.24,Food & Drink,1,-0.4797492729139628,Normal
340.96,Entertainment,1,-0.4796798747458569,Normal
310.75,Food & Drink,1,-0.47944779854944636,Normal
488.93,Food & Drink,1,-0.47938487376747163,Normal
225.61,Health & Fitness,1,-0.4792887763381157,Normal
1423.6,Health & Fitness,1,-0.4792396015673031,Normal
67.11,Health & Fitness,1,-0.4790176836675238,Normal
823.45,Shopping,1,-0.47891062226555636,Normal
709.58,Salary,1,-0.4788219210793759,Normal
1351.74,Shopping,1,-0.47881138615754715,Normal
504.06,Shopping,1,-0.4787986645094913,Normal
1838.18,Travel,1,-0.4787464691148983,Normal
1672.11,Rent,1,-0.4785508185770801,Normal
897.09,Utilities,1,-0.4783960893841914,Normal
643.17,Food & Drink,1,-0.4783413815323978,Normal
1421.9,Shopping,1,-0.47820507109593857,Normal
1158.93,Health & Fitness,1,-0.4781965857281862,Normal
768.93,Health & Fitness,1,-0.4781653038539601,Normal
167.43,Rent,1,-0.4781069433162056,Normal
647.42,Entertainment,1,-0.4780989865295048,Normal
166.81,Shopping,1,-0.47791852726169054,Normal
1686.63,Health & Fitness,1,-0.4779093849359937,Normal
1879.91,Salary,1,-0.4778290932040979,Normal
1511.29,Utilities,1,-0.47775181564570457,Normal
971.33,Utilities,1,-0.47769243252499033,Normal
536.65,Entertainment,1,-0.4776874482148431,Normal
694.84,Travel,1,-0.47764903786491886,Normal
155.03,Health & Fitness,1,-0.4774976043814922,Normal
84.84,Salary,1,-0.47746491097168253,Normal
98.33,Travel,1,-0.4774084097889828,Normal
1852.46,Salary,1,-0.47737840879159127,Normal
1451.74,Food & Drink,1,-0.47736680576415463,Normal
951.24,Utilities,1,-0.47729668334586384,Normal
914.84,Health & Fitness,1,-0.4772826911281063,Normal
1108.98,Food & Drink,1,-0.47721023975906,Normal
1506.5,Travel,1,-0.4770642718811582,Normal
429.04,Rent,1,-0.4770157874116029,Normal
370.71,Salary,1,-0.4769872784606916,Normal
1933.95,Shopping,1,-0.4768940878334688,Normal
1202.72,Shopping,1,-0.476889114573702,Normal
625.49,Food & Drink,1,-0.4767186376798814,Normal
53.38,Rent,1,-0.4766785558997954,Normal
1569.77,Food & Drink,1,-0.47663423198588056,Normal
692.9,Entertainment,1,-0.47660187177718755,Normal
723.34,Travel,1,-0.47651319372395795,Normal
1149.68,Entertainment,1,-0.4765040974022672,Normal
1148.33,Salary,1,-0.47642773614206113,Normal
1226.6,Health & Fitness,1,-0.47641239253376627,Normal
1625.42,Health & Fitness,1,-0.4763656541586593,Normal
457.44,Travel,1,-0.4763472632059354,Normal
541.29,Entertainment,1,-0.47627869905983755,Normal
1137.72,Entertainment,1,-0.4762461340259271,Normal
1697.48,Entertainment,1,-0.47622652157778184,Normal
799.34,Shopping,1,-0.476225908237464,Normal
1350.26,Salary,1,-0.47622058838604125,Normal
764.16,Utilities,1,-0.4762157189509211,Normal
796.57,Entertainment,1,-0.4761701550377675,Normal
1891.97,Food & Drink,1,-0.476101144567927,Normal
1343.33,Health & Fitness,1,-0.4760635426130328,Normal
1090.95,Rent,1,-0.47606228924716565,Normal
1866.72,Travel,1,-0.4760496988201331,Normal
233.91,Shopping,1,-0.4759505512199616,Normal
758.35,Health & Fitness,1,-0.47587032519248507,Normal
1485.69,Food & Drink,1,-0.4758474059883904,Normal
1391.44,Travel,1,-0.4757985924484642,Normal
438.98,Travel,1,-0.4757948290714619,Normal
374.26,Rent,1,-0.4757635306984183,Normal
1673.06,Travel,1,-0.47569944150784876,Normal
1921.51,Health & Fitness,1,-0.4755514702559341,Normal
1313.12,Rent,1,-0.4754716428160148,Normal
654.07,Utilities,1,-0.47533391338586156,Normal
706.73,Rent,1,-0.47532299911511916,Normal
642.39,Entertainment,1,-0.47527604015909336,Normal
631.06,Health & Fitness,1,-0.4751281041893218,Normal
832.98,Entertainment,1,-0.4751057414296045,Normal
1310.93,Rent,1,-0.47494353340308965,Normal
533.27,Rent,1,-0.47491857607513466,Normal
409.77,Entertainment,1,-0.4748181546228904,Normal
773.85,Health & Fitness,1,-0.4747696428626476,Normal
964.57,Health & Fitness,1,-0.4746301101484391,Normal
360.44,Utilities,1,-0.4745852672327619,Normal
215.55,Shopping,1,-0.4745803505484007,Normal
1594.7,Travel,1,-0.47457465796644216,Normal
1730.57,Entertainment,1,-0.47444579184500973,Normal
837.82,Shopping,1,-0.47432231460383145,Normal
1197.1,Salary,1,-0.4742741707206995,Normal
1279.51,Entertainment,1,-0.4742195595052321,Normal
209.09,Entertainment,1,-0.4741812816516327,Normal
872.99,Health & Fitness,1,-0.4740824985265269,Normal
1768.01,Salary,1,-0.47403917325025197,Normal
1367.31,Entertainment,1,-0.4739798681786571,Normal
1363.76,Food & Drink,1,-0.47395375703649034,Normal
984.02,Shopping,1,-0.473699929703508,Normal
1035.61,Travel,1,-0.47367741937119534,Normal
167.12,Travel,1,-0.47367607350449303,Normal
1646.01,Rent,1,-0.4736120459858993,Normal
1505.35,Rent,1,-0.47360517080574555,Normal
716.06,Shopping,1,-0.47353963497827073,Normal
849.54,Utilities,1,-0.47349448428333113,Normal
1703.01,Shopping,1,-0.4734083234111076,Normal
1425.69,Rent,1,-0.4733212760416528,Normal
453.62,Entertainment,1,-0.4731347639224006,Normal
1066.4,Health & Fitness,1,-0.47310043532678164,Normal
1736.06,Health & Fitness,1,-0.47308270104469846,Normal
90.44,Health & Fitness,1,-0.473057559382546,Normal
1422.47,Entertainment,1,-0.47304664817070424,Normal
1339.05,Food & Drink,1,-0.4729086756964402,Normal
180.45,Rent,1,-0.4727762023525015,Normal
1050.23,Food & Drink,1,-0.4727300359643906,Normal
1453.12,Travel,1,-0.47272762972040777,Normal
1349.23,Shopping,1,-0.4726730542281989,Normal
320.43,Health & Fitness,1,-0.47262883081108265,Normal
1822.86,Entertainment,1,-0.47262119029791017,Normal
1730.61,Food & Drink,1,-0.47260988916835134,Normal
1748.5,Food & Drink,1,-0.47257653056325877,Normal
1701.71,Health & Fitness,1,-0.472563939665556,Normal
981.58,Entertainment,1,-0.4724338662678065,Normal
919.1,Travel,1,-0.4722872100538984,Normal
1325.91,Food & Drink,1,-0.47228063759706107,Normal
630.16,Health & Fitness,1,-0.472261381036715,Normal
1412.42,Food & Drink,1,-0.4720519941767356,Normal
346.84,Health & Fitness,1,-0.47204104959022913,Normal
1214.72,Travel,1,-0.4719675396351434,Normal
1077.78,Travel,1,-0.47186625650545616,Normal
159.33,Food & Drink,1,-0.4714147737549523,Normal
545.48,Entertainment,1,-0.47125046401166,Normal
212.78,Entertainment,1,-0.47097484164661124,Normal
609.22,Food & Drink,1,-0.4709523656606573,Normal
935.33,Health & Fitness,1,-0.4708941563758418,Normal
755.18,Shopping,1,-0.47081149085794244,Normal
881.82,Health & Fitness,1,-0.4707923008579972,Normal
506.73,Travel,1,-0.47066564290826957,Normal
1689.1,Salary,1,-0.47064359075643547,Normal
1898.53,Rent,1,-0.47061068845882603,Normal
1629.34,Utilities,1,-0.4706038939564768,Normal
1675.58,Entertainment,1,-0.4705757445419007,Normal
431.36,Health & Fitness,1,-0.47054579382444933,Normal
1828.82,Health & Fitness,1,-0.47053218989405043,Normal
437.0,Salary,1,-0.4703947874662449,Normal
294.31,Salary,1,-0.47034016711610627,Normal
1019.6,Health & Fitness,1,-0.47030375092391463,Normal
986.2,Travel,1,-0.47023997969785397,Normal
865.53,Health & Fitness,1,-0.4700560709941255,Normal
373.74,Travel,1,-0.47003037542099174,Normal
1003.01,Entertainment,1,-0.4699379667208142,Normal
1388.94,Travel,1,-0.4699333913122573,Normal
657.62,Rent,1,-0.4699289454467594,Normal
1088.83,Salary,1,-0.4698978716256348,Normal
1081.06,Shopping,1,-0.4697658117399818,Normal
634.37,Shopping,1,-0.4696750959407763,Normal
1058.6,Salary,1,-0.46964196955345766,Normal
1948.7,Travel,1,-0.469567571026089,Normal
544.24,Food & Drink,1,-0.46955866220776576,Normal
916.14,Shopping,1,-0.46952028058137246,Normal
968.66,Rent,1,-0.4690452163770704,Normal
1119.0,Shopping,1,-0.46902733114277045,Normal
932.06,Travel,1,-0.4688492641409708,Normal
512.43,Food & Drink,1,-0.4688003456627828,Normal
934.24,Salary,1,-0.4686197398282461,Normal
771.26,Rent,1,-0.46858428639783106,Normal
1305.75,Travel,1,-0.46852478900586264,Normal
275.49,Health & Fitness,1,-0.46845828704626075,Normal
1459.8,Health & Fitness,1,-0.4683992438383077,Normal
1110.2,Food & Drink,1,-0.46832878358796465,Normal
1101.61,Travel,1,-0.4681733320758002,Normal
699.26,Rent,1,-0.4681139605061625,Normal
158.91,Shopping,1,-0.4680971899631997,Normal
881.95,Rent,1,-0.46808086011492717,Normal
1731.25,Entertainment,1,-0.4680807917800248,Normal
734.8,Entertainment,1,-0.4680567157383732,Normal
1562.43,Health & Fitness,1,-0.4680417216458729,Normal
827.61,Food & Drink,1,-0.46799533412417477,Normal
1173.27,Travel,1,-0.46790414363992433,Normal
845.47,Shopping,1,-0.46779359180723684,Normal
1869.82,Food & Drink,1,-0.46778508071125,Normal
548.17,Shopping,1,-0.46755031199576164,Normal
1712.08,Rent,1,-0.4675382549919815,Normal
1908.74,Shopping,1,-0.4675281748600573,Normal
445.82,Health & Fitness,1,-0.4672882072422223,Normal
1181.82,Entertainment,1,-0.4672582591672002,Normal
1895.7,Rent,1,-0.46721365964119543,Normal
905.21,Rent,1,-0.4671518546869566,Normal
263.42,Travel,1,-0.4670599684956029,Normal
1945.27,Rent,1,-0.46705773932461764,Normal
303.23,Entertainment,1,-0.4670292235818412,Normal
1274.45,Rent,1,-0.46688073551683057,Normal
688.11,Utilities,1,-0.4668751895428269,Normal
1770.41,Salary,1,-0.466558082788866,Normal
1786.39,Food & Drink,1,-0.46653395134977854,Normal
1256.7,Salary,1,-0.46635582390238667,Normal
737.93,Utilities,1,-0.4663123087356013,Normal
883.55,Salary,1,-0.46603015981921037,Normal
372.34,Food & Drink,1,-0.4660180481797392,Normal
1257.6,Food & Drink,1,-0.4656204347522232,Normal
698.04,Salary,1,-0.4655107408038176,Normal
359.78,Rent,1,-0.46540106906166456,Normal
1810.63,Shopping,1,-0.46515734989544155,Normal
1813.99,Salary,1,-0.46507323624703495,Normal
1365.46,Salary,1,-0.4649083880130274,Normal
1428.35,Travel,1,-0.4648607363626985,Normal
1962.27,Shopping,1,-0.46479992252323327,Normal
663.83,Entertainment,1,-0.4647922199250109,Normal
633.69,Utilities,1,-0.46469208265634154,Normal
1906.48,Food & Drink,1,-0.4645346476316002,Normal
1047.07,Rent,1,-0.4644682366701536,Normal
710.45,Health & Fitness,1,-0.46441001609085997,Normal
1124.7,Health & Fitness,1,-0.46420364205218323,Normal
1594.49,Rent,1,-0.46415813073628426,Normal
1502.73,Health & Fitness,1,-0.4641421684032499,Normal
1187.46,Health & Fitness,1,-0.46402537948346045,Normal
1191.67,Salary,1,-0.46401734314090565,Normal
1746.04,Salary,1,-0.46387104917447536,Normal
1758.23,Food & Drink,1,-0.46386068219036286,Normal
1500.43,Travel,1,-0.4637257262023392,Normal
1295.35,Salary,1,-0.4636953160967507,Normal
919.03,Shopping,1,-0.4635577444748604,Normal
183.18,Rent,1,-0.46354306592680683,Normal
121.67,Salary,1,-0.46351579795298387,Normal
923.41,Health & Fitness,1,-0.46346954617986014,Normal
1831.1,Shopping,1,-0.4634450767601449,Normal
1467.4,Health & Fitness,1,-0.46343425289650314,Normal
1757.01,Health & Fitness,1,-0.4634234836702068,Normal
795.56,Shopping,1,-0.4633571091029671,Normal
1321.11,Utilities,1,-0.4633383153197831,Normal
927.05,Salary,1,-0.4632762591445849,Normal
1436.15,Salary,1,-0.4630005998439039,Normal
892.92,Rent,1,-0.46298381953044143,Normal
1349.65,Health & Fitness,1,-0.46285166162228286,Normal
1527.59,Rent,1,-0.46279597029786107,Normal
533.55,Rent,1,-0.4626485033650249,Normal
1737.5,Shopping,1,-0.46260809949290216,Normal
363.39,Salary,1,-0.46247320046888146,Normal
969.12,Food & Drink,1,-0.46236022691352113,Normal
1020.3,Rent,1,-0.4622269160712015,Normal
382.08,Rent,1,-0.46204526913921595,Normal
199.05,Rent,1,-0.4619863861130608,Normal
1947.94,Shopping,1,-0.4619530380460274,Normal
601.73,Salary,1,-0.4618748392212794,Normal
1588.26,Rent,1,-0.46173122587785,Normal
1037.58,Entertainment,1,-0.4616150370888736,Normal
811.67,Rent,1,-0.46142482081710784,Normal
385.26,Health & Fitness,1,-0.46135560273980586,Normal
1301.99,Travel,1,-0.46129931807069774,Normal
1467.6,Entertainment,1,-0.46117000386918855,Normal
1853.77,Travel,1,-0.4611411554010071,Normal
767.52,Travel,1,-0.4611406319986102,Normal
994.83,Entertainment,1,-0.4611377831703953,Normal
932.87,Travel,1,-0.4611346929705889,Normal
1890.92,Rent,1,-0.4609704618479489,Normal
128.68,Rent,1,-0.4609005397382562,Normal
1767.85,Rent,1,-0.46059269707395556,Normal
560.23,Salary,1,-0.46039621093880845,Normal
1324.59,Travel,1,-0.46037335112187633,Normal
617.71,Shopping,1,-0.4602776764691453,Normal
323.65,Rent,1,-0.4600560988811134,Normal
1188.53,Entertainment,1,-0.4599148580217783,Normal
1489.87,Utilities,1,-0.45971777890769355,Normal
903.64,Rent,1,-0.4597017752032277,Normal
818.09,Travel,1,-0.45954077468734633,Normal
108.77,Rent,1,-0.45953522364141186,Normal
1040.31,Entertainment,1,-0.4592780945144012,Normal
375.99,Health & Fitness,1,-0.45925682952794666,Normal
1708.14,Shopping,1,-0.459229631872201,Normal
220.83,Shopping,1,-0.45860777798845276,Normal
1705.01,Rent,1,-0.45850006276872196,Normal
1605.18,Health & Fitness,1,-0.4581887417142875,Normal
1394.3,Entertainment,1,-0.4581523626197054,Normal
290.11,Rent,1,-0.45798461987006167,Normal
567.89,Travel,1,-0.4579464296380175,Normal
590.78,Food & Drink,1,-0.45794312138643795,Normal
980.22,Utilities,1,-0.4579312481335869,Normal
1780.37,Salary,1,-0.45789823156107506,Normal
881.14,Salary,1,-0.4578788807949697,Normal
563.17,Shopping,1,-0.4577153437111348,Normal
1113.28,Travel,1,-0.45768871572108205,Normal
589.61,Salary,1,-0.4576737599544299,Normal
602.44,Entertainment,1,-0.4576045967371849,Normal
1240.04,Shopping,1,-0.4575034578894878,Normal
103.3,Salary,1,-0.45745899315125915,Normal
54.67,Shopping,1,-0.45745029881442356,Normal
1404.42,Shopping,1,-0.4571404878991781,Normal
340.3,Shopping,1,-0.45694569966899373,Normal
1052.65,Food & Drink,1,-0.4569050885675179,Normal
384.84,Travel,1,-0.4566584138080232,Normal
1497.2,Travel,1,-0.4565809411856752,Normal
1546.57,Rent,1,-0.4563793707070861,Normal
797.58,Rent,1,-0.4561853327467951,Normal
1439.51,Entertainment,1,-0.456147826904772,Normal
705.31,Rent,1,-0.45606688779431487,Normal
696.49,Utilities,1,-0.4560033386903888,Normal
1282.9,Entertainment,1,-0.4558240260594619,Normal
1489.18,Shopping,1,-0.45539435801376005,Normal
824.18,Salary,1,-0.45529793998275925,Normal
211.84,Shopping,1,-0.45498295613151374,Normal
1103.96,Salary,1,-0.45493898780863545,Normal
1264.13,Salary,1,-0.4549133957889551,Normal
1557.81,Rent,1,-0.454880226710282,Normal
1008.66,Food & Drink,1,-0.45445520665699474,Normal
1746.71,Rent,1,-0.4544011970074583,Normal
1315.68,Travel,1,-0.4543809128655937,Normal
782.31,Health & Fitness,1,-0.45422724872007736,Normal
448.68,Shopping,1,-0.4538454486900159,Normal
1389.98,Travel,1,-0.4537416829740968,Normal
1116.35,Salary,1,-0.45370938136721806,Normal
1259.35,Travel,1,-0.45361226382465136,Normal
1284.78,Travel,1,-0.45341327265096043,Normal
1759.75,Rent,1,-0.4534014079511679,Normal
546.15,Health & Fitness,1,-0.45338951091164614,Normal
778.47,Entertainment,1,-0.453136123362441,Normal
737.17,Shopping,1,-0.45296584350993163,Normal
588.4,Rent,1,-0.4529110709862663,Normal
1178.81,Shopping,1,-0.4529063460193865,Normal
919.88,Travel,1,-0.45283928625223263,Normal
963.25,Salary,1,-0.45206335552075266,Normal
319.27,Rent,1,-0.4519960600281231,Normal
1443.31,Health & Fitness,1,-0.45177105498251713,Normal
1870.07,Health & Fitness,1,-0.45171876816363254,Normal
1187.87,Shopping,1,-0.4514981256846873,Normal
452.28,Rent,1,-0.4514974095615957,Normal
1328.91,Rent,1,-0.451037018898096,Normal
1663.0,Shopping,1,-0.4510171746002569,Normal
382.75,Shopping,1,-0.45012994543229673,Normal
1144.0,Salary,1,-0.4500788999545173,Normal
1357.62,Travel,1,-0.45003789379746595,Normal
701.48,Health & Fitness,1,-0.4500129292874474,Normal
1321.98,Salary,1,-0.4495941816437645,Normal
1113.56,Rent,1,-0.4492745071914697,Normal
686.35,Shopping,1,-0.4492398048548714,Normal
1839.16,Rent,1,-0.4492160484519827,Normal
148.47,Shopping,1,-0.44916855425161,Normal
1233.7,Shopping,1,-0.4490845082292079,Normal
474.79,Shopping,1,-0.4489295855311216,Normal
1406.25,Health & Fitness,1,-0.44890885547722903,Normal
1198.04,Travel,1,-0.44864754184831307,Normal
528.51,Health & Fitness,1,-0.44835890413164003,Normal
109.93,Salary,1,-0.4483496029571549,Normal
726.24,Salary,1,-0.44821821019299884,Normal
279.94,Shopping,1,-0.4482021469352311,Normal
851.78,Travel,1,-0.4476847602538454,Normal
747.7,Entertainment,1,-0.4475649365630302,Normal
484.99,Health & Fitness,1,-0.4474838473898151,Normal
400.17,Shopping,1,-0.44743412052076165,Normal
1324.46,Shopping,1,-0.44713545381517333,Normal
1573.75,Shopping,1,-0.4469110879451049,Normal
1506.04,Travel,1,-0.4469075846342257,Normal
882.53,Entertainment,1,-0.4468502369512375,Normal
486.12,Health & Fitness,1,-0.44683170641310205,Normal
886.97,Shopping,1,-0.4467141581412384,Normal
1452.44,Rent,1,-0.44587937916803183,Normal
1235.67,Travel,1,-0.4455711431985953,Normal
456.79,Shopping,1,-0.44542038426738795,Normal
1075.91,Rent,1,-0.44518744018876294,Normal
388.92,Shopping,1,-0.4451404871217932,Normal
937.35,Salary,1,-0.44508709492078236,Normal
1158.27,Rent,1,-0.4447939611434978,Normal
1485.09,Entertainment,1,-0.4445486500469055,Normal
1188.27,Rent,1,-0.443817977607467,Normal
684.68,Shopping,1,-0.44370435398737207,Normal
115.98,Shopping,1,-0.4435805401415474,Normal
227.65,Rent,1,-0.44322961031479136,Normal
1443.62,Rent,1,-0.44297771872930364,Normal
846.74,Travel,1,-0.4428237058997493,Normal
778.3,Shopping,1,-0.44243933486148246,Normal
419.1,Rent,1,-0.4423051432094909,Normal
929.47,Rent,1,-0.4422060299933836,Normal
1573.63,Rent,1,-0.44171629845545923,Normal
1578.72,Salary,1,-0.4417070029599105,Normal
266.61,Shopping,1,-0.44148684753298256,Normal
1173.13,Shopping,1,-0.44119187332559723,Normal
978.85,Health & Fitness,1,-0.44075192072556674,Normal
279.82,Rent,1,-0.4407127236990071,Normal
1858.46,Shopping,1,-0.4407026080430777,Normal
1471.72,Shopping,1,-0.4406443224400419,Normal
947.18,Shopping,1,-0.4405974053598602,Normal
1295.59,Rent,1,-0.4404713917261438,Normal
935.1,Salary,1,-0.4403638545761476,Normal
411.82,Shopping,1,-0.4402835943578643,Normal
712.72,Shopping,1,-0.440167873378643,Normal
575.45,Shopping,1,-0.43973112037677536,Normal
1357.51,Rent,1,-0.4395883018013365,Normal
1417.54,Salary,1,-0.4392988316090922,Normal
1938.15,Shopping,1,-0.4392404213873809,Normal
962.64,Salary,1,-0.4391595065330464,Normal
866.91,Rent,1,-0.4391536566787398,Normal
1006.58,Rent,1,-0.43903756124068216,Normal
1270.99,Shopping,1,-0.43882810944518713,Normal
1790.63,Rent,1,-0.43850862057162016,Normal
1451.12,Shopping,1,-0.43813176115841196,Normal
192.13,Rent,1,-0.4378250615588238,Normal
976.47,Shopping,1,-0.43775679878990315,Normal
871.37,Rent,1,-0.4375052112843987,Normal
443.48,Shopping,1,-0.43744493893969233,Normal
565.07,Rent,1,-0.437144949999642,Normal
1226.5,Shopping,1,-0.4370286323383926,Normal
606.22,Salary,1,-0.43594202760746614,Normal
1878.47,Rent,1,-0.43590098310482145,Normal
1564.14,Salary,1,-0.4346869361317884,Normal
1176.17,Shopping,1,-0.43451249693341787,Normal
483.61,Rent,1,-0.43438307044320024,Normal
982.51,Salary,1,-0.4342271287595812,Normal
1464.55,Rent,1,-0.43369679567693986,Normal
822.44,Shopping,1,-0.43367208049687433,Normal
751.52,Rent,1,-0.43347529851211364,Normal
376.26,Salary,1,-0.4334589496694645,Normal
495.53,Shopping,1,-0.43257148158657877,Normal
1313.29,Shopping,1,-0.4322075712045514,Normal
769.01,Salary,1,-0.4319406427987594,Normal
807.55,Rent,1,-0.4318205630030869,Normal
1662.83,Shopping,1,-0.43154780189119635,Normal
883.75,Rent,1,-0.43130148581051536,Normal
777.89,Rent,1,-0.43116324509885634,Normal
666.08,Rent,1,-0.4310046124626354,Normal
383.99,Rent,1,-0.4304105083913807,Normal
1525.64,Salary,1,-0.4295826495301121,Normal
1318.17,Shopping,1,-0.4282221866420294,Normal
1484.48,Shopping,1,-0.4281485790561422,Normal
1293.37,Shopping,1,-0.4279273444267192,Normal
534.17,Salary,1,-0.4278906222664758,Normal
1073.39,Shopping,1,-0.42776205445093846,Normal
1369.59,Shopping,1,-0.42771837523926554,Normal
736.38,Shopping,1,-0.4275553453805309,Normal
1366.37,Salary,1,-0.4274979852998987,Normal
949.72,Rent,1,-0.42637463047130647,Normal
1639.74,Rent,1,-0.4262332377941842,Normal
872.71,Rent,1,-0.4261432586863426,Normal
514.09,Salary,1,-0.42604279145716745,Normal
1231.79,Shopping,1,-0.42573806663956076,Normal
1296.66,Shopping,1,-0.42568959771354664,Normal
842.3,Shopping,1,-0.4250992372736234,Normal
959.19,Shopping,1,-0.4249531295920416,Normal
231.26,Shopping,1,-0.4246752574690998,Normal
1222.17,Rent,1,-0.4234108915069952,Normal
533.0,Salary,1,-0.4228839664228979,Normal
1097.24,Salary,1,-0.4218809134244333,Normal
812.75,Shopping,1,-0.42068103163356185,Normal
833.84,Salary,1,-0.420491107095532,Normal
946.37,Rent,1,-0.4199569985357171,Normal
1559.06,Rent,1,-0.41785605418431865,Normal
1289.07,Rent,1,-0.41738818295225805,Normal
671.11,Shopping,1,-0.41734756055377425,Normal
1091.85,Shopping,1,-0.41573866419386474,Normal
1158.92,Rent,1,-0.41523056648993334,Normal
687.78,Rent,1,-0.41464025785527764,Normal
