Amount,Category,Anomaly,Anomaly_Score,Anomaly_Label
1827.33,Food & Drink,-1,-0.6647413376228187,Anomaly
802.82,Food & Drink,-1,-0.6516867607295079,Anomaly
922.33,Health & Fitness,-1,-0.6425986177556585,Anomaly
1227.78,Utilities,-1,-0.6388713435091512,Anomaly
1224.05,Travel,-1,-0.6179983090511955,Anomaly
1655.71,Shopping,-1,-0.6161530807454282,Anomaly
530.94,Rent,-1,-0.6115760845163074,Anomaly
823.6,Health & Fitness,-1,-0.6104944879807201,Anomaly
135.57,Utilities,-1,-0.6103178308550383,Anomaly
23.59,Entertainment,-1,-0.6083226798460737,Anomaly
1836.92,Rent,-1,-0.6070362859030495,Anomaly
1697.54,Food & Drink,-1,-0.6050556187663348,Anomaly
1475.87,Food & Drink,-1,-0.6040659669211642,Anomaly
101.43,Food & Drink,-1,-0.6034343565522797,Anomaly
1883.56,Entertainment,-1,-0.602592671158291,Anomaly
39.3,Utilities,-1,-0.5960756581285547,Anomaly
1417.29,Utilities,-1,-0.595282513700485,Anomaly
1126.88,Food & Drink,-1,-0.5947233340922037,Anomaly
192.6,Food & Drink,-1,-0.5935454398422663,Anomaly
33.17,Food & Drink,-1,-0.5928559352973374,Anomaly
1001.77,Utilities,-1,-0.5920194218119771,Anomaly
56.12,Salary,-1,-0.5914384089311511,Anomaly
1652.37,Travel,-1,-0.5912620781760686,Anomaly
1628.82,Utilities,-1,-0.5900986641692375,Anomaly
267.08,Utilities,-1,-0.5895287826604337,Anomaly
491.06,Health & Fitness,-1,-0.5866729725353881,Anomaly
19.62,Utilities,-1,-0.586102703500944,Anomaly
1512.38,Health & Fitness,-1,-0.5857609737654248,Anomaly
771.61,Utilities,-1,-0.5856077469970654,Anomaly
1949.45,Rent,-1,-0.58483301067569,Anomaly
1600.69,Rent,-1,-0.58427870322591,Anomaly
130.49,Health & Fitness,-1,-0.5842021950439417,Anomaly
1939.48,Entertainment,-1,-0.5828488255827733,Anomaly
1056.13,Salary,-1,-0.5827106887604854,Anomaly
816.78,Utilities,-1,-0.581931918636316,Anomaly
472.06,Utilities,-1,-0.5815029349229579,Anomaly
1942.45,Travel,-1,-0.5812962176358395,Anomaly
1426.63,Health & Fitness,-1,-0.5803991333873212,Anomaly
216.82,Rent,-1,-0.5778100779351311,Anomaly
1520.03,Food & Drink,-1,-0.5776434884130623,Anomaly
727.25,Entertainment,-1,-0.5772460990630468,Anomaly
1956.01,Entertainment,-1,-0.5764503045980194,Anomaly
47.69,Entertainment,-1,-0.5758642744671681,Anomaly
582.7,Travel,-1,-0.5754561918020196,Anomaly
1191.51,Travel,-1,-0.5741761994297108,Anomaly
1048.87,Shopping,-1,-0.5739117087779505,Anomaly
1053.22,Utilities,-1,-0.5734511830643673,Anomaly
1589.46,Utilities,-1,-0.5732441303361032,Anomaly
1729.04,Salary,-1,-0.572735257236599,Anomaly
919.82,Utilities,-1,-0.5726061417540892,Anomaly
1945.39,Food & Drink,-1,-0.5720805589821146,Anomaly
234.98,Utilities,-1,-0.5711603794913783,Anomaly
1578.04,Shopping,-1,-0.5708929873354144,Anomaly
1944.06,Travel,-1,-0.5703300791752669,Anomaly
682.52,Rent,-1,-0.5703256166188996,Anomaly
274.07,Rent,-1,-0.5691391685920344,Anomaly
1576.09,Utilities,-1,-0.5691308166022245,Anomaly
359.23,Entertainment,-1,-0.5686879976275014,Anomaly
1661.67,Salary,-1,-0.5677774381315462,Anomaly
195.75,Travel,-1,-0.5674729793263503,Anomaly
465.81,Food & Drink,-1,-0.5673077951073395,Anomaly
1907.65,Health & Fitness,-1,-0.5664982284584508,Anomaly
