transaction_id,date,year,month,month_name,quarter,day,day_of_week,day_name,week_of_year,week_of_month,is_weekend,is_month_start,is_month_end,description,description_clean,category,amount,type,is_income,category_avg_amount,monthly_total_by_category,previous_transaction_amount,rolling_7day_avg,rolling_30day_avg,days_since_last_transaction,cumulative_spending_by_category,transaction_count_by_category
1500,2024-12-29,2024,12,December,4,29,6,Sunday,52,5,1,0,0,Pressure activity defense detail.,Pressure activity defense detail.,Other,1480.0,Income,1,2726.7279411764707,5105.0,655.78,844.5871428571429,1284.3903333333333,0.0,370835.0,136
1499,2024-12-29,2024,12,December,4,29,6,Sunday,52,5,1,0,0,Discussion black follow.,Discussion black follow.,Shopping,655.78,Expense,0,979.205,2830.56,1425.0,782.7400000000001,1274.9916666666666,1.0,146880.75,150
1498,2024-12-28,2024,12,December,4,28,5,Saturday,52,4,1,0,0,No couple debate must.,No couple debate must.,Investment,1425.0,Income,1,2558.112676056338,1425.0,514.09,747.1100000000002,1273.3396666666667,0.0,363252.0,142
1497,2024-12-28,2024,12,December,4,28,5,Saturday,52,4,1,0,0,Quite as when.,Quite as when.,Rent,514.09,Expense,0,982.2750909090907,4601.56,727.25,764.2157142857146,1271.7949999999998,0.0,162075.38999999998,165
1496,2024-12-28,2024,12,December,4,28,5,Saturday,52,4,1,0,0,Right analysis mention.,Right analysis mention.,Entertainment,727.25,Expense,0,1036.122167832168,727.25,325.64,969.2671428571432,1277.803,5.0,148165.47,143
1495,2024-12-23,2024,12,December,4,23,0,Monday,52,4,0,0,0,Instead writer.,Instead writer.,Health & Fitness,325.64,Expense,0,955.2240789473684,1428.01,784.35,1383.2314285714288,1307.2736666666667,2.0,145194.06,152
1494,2024-12-21,2024,12,December,4,21,5,Saturday,51,3,1,0,0,Up hear draw.,Up hear draw.,Salary,784.35,Expense,0,1020.9147260273973,784.35,1047.07,1492.561428571429,1357.044333333333,2.0,149053.55,146
1493,2024-12-19,2024,12,December,4,19,3,Thursday,51,3,0,0,0,Real know our any.,Real know our any.,Rent,1047.07,Expense,0,982.2750909090907,4601.56,406.37,1397.8714285714289,1358.5756666666666,0.0,161561.3,164
1492,2024-12-19,2024,12,December,4,19,3,Thursday,51,3,0,0,0,Democratic recent student specific political.,Democratic recent student specific political.,Food & Drink,406.37,Expense,0,1070.425436241611,406.37,1544.74,1272.524285714286,1340.34,3.0,159493.39,149
1491,2024-12-16,2024,12,December,4,16,0,Monday,51,3,0,0,0,Child group describe.,Child group describe.,Shopping,1544.74,Expense,0,979.205,2830.56,1949.45,1347.7185714285715,1361.8506666666665,1.0,146224.97,149
1490,2024-12-15,2024,12,December,4,15,6,Sunday,50,3,1,0,0,Beyond family movement hospital back.,Beyond family movement hospital back.,Rent,1949.45,Expense,0,982.2750909090907,4601.56,3625.0,1217.0471428571432,1451.6926666666666,3.0,160514.23,163
1489,2024-12-12,2024,12,December,4,12,3,Thursday,50,2,0,0,0,Likely evidence claim.,Likely evidence claim.,Other,3625.0,Income,1,2726.7279411764707,5105.0,1090.95,944.1685714285716,1423.4313333333334,0.0,369355.0,135
1488,2024-12-12,2024,12,December,4,12,3,Thursday,50,2,0,0,0,Leave bar prevent require.,Leave bar prevent require.,Rent,1090.95,Expense,0,982.2750909090907,4601.56,121.52,634.4457142857145,1367.605,1.0,158564.78,162
1487,2024-12-11,2024,12,December,4,11,2,Wednesday,50,2,0,0,0,Remember carry.,Remember carry.,Utilities,121.52,Expense,0,935.2482165605096,160.82,169.64,880.1671428571432,1436.7066666666665,2.0,146833.97,157
1486,2024-12-09,2024,12,December,4,9,0,Monday,50,2,0,0,0,Gas human create also.,Gas human create also.,Health & Fitness,169.64,Expense,0,955.2240789473684,1428.01,932.73,1560.2357142857145,1457.1226666666666,3.0,144868.42,151
1485,2024-12-06,2024,12,December,4,6,4,Friday,49,1,0,0,0,Left available.,Left available.,Health & Fitness,932.73,Expense,0,955.2240789473684,1428.01,630.04,1590.8157142857144,1493.358,1.0,144698.78,150
1484,2024-12-05,2024,12,December,4,5,3,Thursday,49,1,0,0,0,Short for late education.,Short for late education.,Shopping,630.04,Expense,0,979.205,2830.56,39.3,2058.854285714286,1477.8143333333333,3.0,144680.23,148
1483,2024-12-02,2024,12,December,4,2,0,Monday,49,1,0,0,0,In seven building hard.,In seven building hard.,Utilities,39.3,Expense,0,935.2482165605096,160.82,1456.94,2009.117142857143,1500.5836666666664,2.0,146712.45,156
1482,2024-11-30,2024,11,November,4,30,5,Saturday,48,5,1,0,1,Project at risk.,Project at risk.,Salary,1456.94,Expense,0,1020.9147260273973,5653.77,2811.0,2124.9685714285715,1506.501,1.0,148269.2,145
1481,2024-11-29,2024,11,November,4,29,4,Friday,48,5,0,0,0,Believe recognize analysis those citizen.,Believe recognize analysis those citizen.,Investment,2811.0,Income,1,2558.112676056338,13167.0,4882.0,1999.1928571428573,1462.5013333333334,3.0,361827.0,141
1480,2024-11-26,2024,11,November,4,26,1,Tuesday,48,4,0,0,0,Eat tonight run leader.,Eat tonight run leader.,Investment,4882.0,Income,1,2558.112676056338,13167.0,383.7,1716.4328571428575,1370.8836666666664,1.0,359016.0,140
1479,2024-11-25,2024,11,November,4,25,0,Monday,48,4,0,0,0,Red republican father party.,Red republican father party.,Salary,383.7,Expense,0,1020.9147260273973,5653.77,4209.0,1533.1471428571433,1222.4516666666666,0.0,146812.26,144
1478,2024-11-25,2024,11,November,4,25,0,Monday,48,4,0,0,0,Say explain.,Say explain.,Other,4209.0,Income,1,2726.7279411764707,10972.0,281.88,1591.984285714286,1272.3773333333334,0.0,365730.0,134
1477,2024-11-25,2024,11,November,4,25,0,Monday,48,4,0,0,0,Space moment travel these least.,Space moment travel these least.,Utilities,281.88,Expense,0,935.2482165605096,976.21,850.26,1045.7357142857145,1182.8773333333334,1.0,146673.15,155
1476,2024-11-24,2024,11,November,4,24,6,Sunday,47,4,1,0,0,Western tend candidate day.,Western tend candidate day.,Rent,850.26,Expense,0,982.2750909090907,2946.19,576.51,1176.6157142857144,1201.276,0.0,157473.83,161
1475,2024-11-24,2024,11,November,4,24,6,Sunday,47,4,1,0,0,City offer financial data.,City offer financial data.,Travel,576.51,Expense,0,1059.3611875,7874.49,831.68,1141.7528571428572,1225.072,0.0,169497.79,160
1474,2024-11-24,2024,11,November,4,24,6,Sunday,47,4,1,0,0,Cut yard knowledge.,Cut yard knowledge.,Travel,831.68,Expense,0,1059.3611875,7874.49,3599.0,1256.3457142857146,1246.3456666666668,1.0,168921.28,159
1473,2024-11-23,2024,11,November,4,23,5,Saturday,47,4,1,0,0,Hospital writer can industry.,Hospital writer can industry.,Other,3599.0,Income,1,2726.7279411764707,10972.0,795.56,1236.724285714286,1239.976,1.0,361521.0,133
1472,2024-11-22,2024,11,November,4,22,4,Friday,47,4,0,0,0,Happy action.,Happy action.,Shopping,795.56,Expense,0,979.205,1847.25,385.26,952.777142857143,1125.590333333333,2.0,144050.19,147
1471,2024-11-20,2024,11,November,4,20,2,Wednesday,47,3,0,0,0,Day fact modern.,Day fact modern.,Health & Fitness,385.26,Expense,0,955.2240789473684,1215.55,1198.04,1098.9485714285715,1141.2793333333334,0.0,143766.05,149
1470,2024-11-20,2024,11,November,4,20,2,Wednesday,47,3,0,0,0,Cost attorney.,Cost attorney.,Travel,1198.04,Expense,0,1059.3611875,7874.49,606.22,1162.524285714286,1171.2626666666663,1.0,168089.6,158
1469,2024-11-19,2024,11,November,4,19,1,Tuesday,47,3,0,0,0,Bit need allow.,Bit need allow.,Salary,606.22,Expense,0,1020.9147260273973,5653.77,1378.66,1062.8042857142857,1162.4236666666666,1.0,146428.56,143
1468,2024-11-18,2024,11,November,4,18,0,Monday,47,3,0,0,0,Board notice later thus.,Board notice later thus.,Food & Drink,1378.66,Expense,0,1070.425436241611,1441.13,694.33,1126.4428571428573,1201.562,0.0,159087.02,148
1467,2024-11-18,2024,11,November,4,18,0,Monday,47,3,0,0,0,Woman daughter hospital move.,Woman daughter hospital move.,Utilities,694.33,Expense,0,935.2482165605096,976.21,1611.37,1535.2057142857143,1200.595,1.0,146391.27,154
1466,2024-11-17,2024,11,November,4,17,6,Sunday,46,3,1,0,0,Different international sell several.,Different international sell several.,Entertainment,1611.37,Expense,0,1036.122167832168,1611.37,1818.76,1593.3885714285716,1242.749,0.0,147438.22,142
1465,2024-11-17,2024,11,November,4,17,6,Sunday,46,3,1,0,0,Wall act special.,Wall act special.,Travel,1818.76,Expense,0,1059.3611875,7874.49,830.29,1641.794285714286,1227.6346666666666,0.0,166891.56,157
1464,2024-11-17,2024,11,November,4,17,6,Sunday,46,3,1,0,0,For age size.,For age size.,Health & Fitness,830.29,Expense,0,955.2240789473684,1215.55,500.0,1833.9714285714288,1224.8780000000002,0.0,143380.79,148
1463,2024-11-17,2024,11,November,4,17,6,Sunday,46,3,1,0,0,With yes nothing.,With yes nothing.,Investment,500.0,Income,1,2558.112676056338,13167.0,1051.69,1820.2157142857145,1220.363,1.0,354134.0,139
1462,2024-11-16,2024,11,November,4,16,5,Saturday,46,3,1,0,0,Hear officer.,Hear officer.,Shopping,1051.69,Expense,0,979.205,1847.25,4240.0,1928.3157142857144,1227.93,2.0,143254.63,146
1461,2024-11-14,2024,11,November,4,14,3,Thursday,46,2,0,0,0,Show recently decide last.,Show recently decide last.,Investment,4240.0,Income,1,2558.112676056338,13167.0,1101.61,1844.7057142857143,1223.0473333333332,0.0,353634.0,138
1460,2024-11-14,2024,11,November,4,14,3,Thursday,46,2,0,0,0,Serious reveal left social fine.,Serious reveal left social fine.,Travel,1101.61,Expense,0,1059.3611875,7874.49,1950.21,1426.5800000000002,1096.34,1.0,165072.8,156
1459,2024-11-13,2024,11,November,4,13,2,Wednesday,46,2,0,0,0,Dinner rich decide do.,Dinner rich decide do.,Salary,1950.21,Expense,0,1020.9147260273973,5653.77,3164.0,1300.1814285714286,1086.3803333333335,0.0,145822.34,142
1458,2024-11-13,2024,11,November,4,13,2,Wednesday,46,2,0,0,0,State serious activity pressure.,State serious activity pressure.,Other,3164.0,Income,1,2726.7279411764707,10972.0,734.0,1041.1442857142858,1174.44,0.0,357922.0,132
1457,2024-11-13,2024,11,November,4,13,2,Wednesday,46,2,0,0,0,Across federal state.,Across federal state.,Investment,734.0,Income,1,2558.112676056338,13167.0,1256.7,598.0685714285715,1218.506666666667,0.0,349394.0,137
1456,2024-11-13,2024,11,November,4,13,2,Wednesday,46,2,0,0,0,Relationship your your.,Relationship your your.,Salary,1256.7,Expense,0,1020.9147260273973,5653.77,466.42,554.5028571428572,1225.748,1.0,143872.13,141
1455,2024-11-12,2024,11,November,4,12,1,Tuesday,46,2,0,0,0,Few spring raise.,Few spring raise.,Travel,466.42,Expense,0,1059.3611875,7874.49,1313.12,643.7557142857144,1197.197,1.0,163971.19,155
1454,2024-11-11,2024,11,November,4,11,0,Monday,46,2,0,0,0,National free.,National free.,Rent,1313.12,Expense,0,982.2750909090907,2946.19,216.82,794.8385714285715,1235.3206666666667,0.0,156623.57,160
1453,2024-11-11,2024,11,November,4,11,0,Monday,46,2,0,0,0,National back everybody direction budget.,National back everybody direction budget.,Rent,216.82,Expense,0,982.2750909090907,2946.19,136.95,726.3700000000001,1270.6166666666666,8.0,155310.45,159
1452,2024-11-03,2024,11,November,4,3,6,Sunday,44,1,1,0,0,Important source first him.,Important source first him.,Rent,136.95,Expense,0,982.2750909090907,2946.19,62.47,918.8442857142858,1282.2713333333334,0.0,155093.63,158
1451,2024-11-03,2024,11,November,4,3,6,Sunday,44,1,1,0,0,Doctor population grow bar.,Doctor population grow bar.,Food & Drink,62.47,Expense,0,1070.425436241611,1441.13,429.04,1072.811428571429,1324.5203333333334,1.0,157708.36,147
1450,2024-11-02,2024,11,November,4,2,5,Saturday,44,1,1,0,0,Goal once let perform international.,Goal once let perform international.,Rent,429.04,Expense,0,982.2750909090907,2946.19,1881.47,1155.4,1334.971,1.0,154956.68,157
1449,2024-11-01,2024,11,November,4,1,4,Friday,44,1,0,1,0,Nearly care base.,Nearly care base.,Travel,1881.47,Expense,0,1059.3611875,7874.49,1524.0,1118.027142857143,1352.269,4.0,163504.77,154
1448,2024-10-28,2024,10,October,4,28,0,Monday,44,4,0,0,0,Fill thousand number.,Fill thousand number.,Investment,1524.0,Income,1,2558.112676056338,3896.0,833.84,1030.1357142857144,1302.301,4.0,348660.0,136
1447,2024-10-24,2024,10,October,4,24,3,Thursday,43,4,0,0,0,Detail data tell.,Detail data tell.,Salary,833.84,Expense,0,1020.9147260273973,4178.35,1564.14,995.9585714285716,1273.4216666666666,1.0,142615.43,140
1446,2024-10-23,2024,10,October,4,23,2,Wednesday,43,4,0,0,0,Listen ok point so.,Listen ok point so.,Salary,1564.14,Expense,0,1020.9147260273973,4178.35,1214.72,1010.1057142857144,1290.676,2.0,141781.59,139
1445,2024-10-21,2024,10,October,4,21,0,Monday,43,3,0,0,0,Material less focus hear.,Material less focus hear.,Travel,1214.72,Expense,0,1059.3611875,4452.56,640.59,1040.9957142857145,1341.3713333333333,0.0,161623.3,153
1444,2024-10-21,2024,10,October,4,21,0,Monday,43,3,0,0,0,Meet seem population.,Meet seem population.,Health & Fitness,640.59,Expense,0,955.2240789473684,4453.31,167.43,1060.2714285714287,1331.5413333333331,0.0,142550.5,147
1443,2024-10-21,2024,10,October,4,21,0,Monday,43,3,0,0,0,Why though decide bank likely.,Why though decide bank likely.,Rent,167.43,Expense,0,982.2750909090907,1072.64,1266.23,1248.6085714285714,1434.3549999999998,2.0,154527.63999999998,156
1442,2024-10-19,2024,10,October,4,19,5,Saturday,42,3,1,0,0,Picture evidence.,Picture evidence.,Shopping,1266.23,Expense,0,979.205,2232.86,1284.76,1390.11,1491.4376666666665,0.0,142202.94,145
1441,2024-10-19,2024,10,October,4,19,5,Saturday,42,3,1,0,0,Take family chance.,Take family chance.,Utilities,1284.76,Expense,0,935.2482165605096,4194.95,932.87,1457.2285714285715,1453.155,1.0,145696.94,153
1440,2024-10-18,2024,10,October,4,18,4,Friday,42,3,0,0,0,Outside with each animal.,Outside with each animal.,Travel,932.87,Expense,0,1059.3611875,4452.56,1780.37,1372.9542857142858,1437.0556666666666,1.0,160408.58,152
1439,2024-10-17,2024,10,October,4,17,3,Thursday,42,3,0,0,0,Some court her.,Some court her.,Salary,1780.37,Expense,0,1020.9147260273973,4178.35,1349.65,1343.5457142857142,1438.85,0.0,140217.45,138
1438,2024-10-17,2024,10,October,4,17,3,Thursday,42,3,0,0,0,With young think there assume.,With young think there assume.,Health & Fitness,1349.65,Expense,0,955.2240789473684,4453.31,1958.95,1218.5228571428572,1412.4963333333333,2.0,141909.91,146
1437,2024-10-15,2024,10,October,4,15,1,Tuesday,42,3,0,0,0,Very figure drive special.,Very figure drive special.,Utilities,1958.95,Expense,0,935.2482165605096,4194.95,1157.94,1088.3985714285716,1424.092666666667,3.0,144412.18,152
1436,2024-10-12,2024,10,October,4,12,5,Saturday,41,2,1,0,0,Story case.,Story case.,Entertainment,1157.94,Expense,0,1036.122167832168,1157.94,1736.06,923.237142857143,1509.961,1.0,145826.85,141
1435,2024-10-11,2024,10,October,4,11,4,Friday,41,2,0,0,0,Condition again successful.,Condition again successful.,Health & Fitness,1736.06,Expense,0,955.2240789473684,4453.31,694.84,1413.817142857143,1482.044,1.0,140560.26,145
1434,2024-10-10,2024,10,October,4,10,3,Thursday,41,2,0,0,0,Despite energy company.,Despite energy company.,Travel,694.84,Expense,0,1059.3611875,4452.56,727.01,1806.6657142857143,1479.893,0.0,159475.71,151
1433,2024-10-10,2024,10,October,4,10,3,Thursday,41,2,0,0,0,Wish current.,Wish current.,Health & Fitness,727.01,Expense,0,955.2240789473684,4453.31,905.21,1843.294285714286,1545.865,1.0,138824.2,144
1432,2024-10-09,2024,10,October,4,9,2,Wednesday,41,2,0,0,0,Key place tree.,Key place tree.,Rent,905.21,Expense,0,982.2750909090907,1072.64,438.78,1796.6028571428574,1555.0649999999998,1.0,154360.21,155
1431,2024-10-08,2024,10,October,4,8,1,Tuesday,41,2,0,0,0,Group never.,Group never.,Food & Drink,438.78,Expense,0,1070.425436241611,1241.6,802.82,1897.3057142857144,1537.349333333333,1.0,157645.89,146
1430,2024-10-07,2024,10,October,4,7,0,Monday,41,1,0,0,0,Hundred step according.,Hundred step according.,Food & Drink,802.82,Expense,0,1070.425436241611,1241.6,4592.0,2173.48,1559.842,3.0,157207.11,145
1429,2024-10-04,2024,10,October,4,4,4,Friday,40,1,0,0,0,Detail about development discover.,Detail about development discover.,Other,4592.0,Income,1,2726.7279411764707,9078.0,4486.0,2139.714285714286,1578.1033333333332,0.0,354758.0,131
1428,2024-10-04,2024,10,October,4,4,4,Friday,40,1,0,0,0,Lose shoulder spring.,Lose shoulder spring.,Other,4486.0,Income,1,2726.7279411764707,9078.0,951.24,1684.3457142857146,1538.236666666667,1.0,350166.0,130
1427,2024-10-03,2024,10,October,4,3,3,Thursday,40,1,0,0,0,Not friend federal forget bit.,Not friend federal forget bit.,Utilities,951.24,Expense,0,935.2482165605096,4194.95,400.17,1097.2014285714288,1473.1366666666663,1.0,142453.23,151
1426,2024-10-02,2024,10,October,4,2,2,Wednesday,40,1,0,0,0,Country little reality level.,Country little reality level.,Shopping,400.17,Expense,0,979.205,2232.86,1610.13,1096.7357142857145,1476.0233333333335,0.0,140936.71,144
1425,2024-10-02,2024,10,October,4,2,2,Wednesday,40,1,0,0,0,Gas with policy cut.,Gas with policy cut.,Travel,1610.13,Expense,0,1059.3611875,4452.56,2372.0,1094.2014285714288,1516.0950000000005,1.0,158780.87,150
1424,2024-10-01,2024,10,October,4,1,1,Tuesday,40,1,0,1,0,Price certain down standard nice.,Price certain down standard nice.,Investment,2372.0,Income,1,2558.112676056338,3896.0,566.46,958.1285714285716,1504.7903333333334,0.0,347136.0,135
1423,2024-10-01,2024,10,October,4,1,1,Tuesday,40,1,0,1,0,Owner fact wife.,Owner fact wife.,Shopping,566.46,Expense,0,979.205,2232.86,1404.42,812.3385714285715,1458.0276666666664,4.0,140536.54,143
1422,2024-09-27,2024,9,September,3,27,4,Friday,39,4,0,0,0,On must certainly.,On must certainly.,Shopping,1404.42,Expense,0,979.205,2755.08,375.99,1172.1300000000003,1484.6913333333332,0.0,139970.08,142
1421,2024-09-27,2024,9,September,3,27,4,Friday,39,4,0,0,0,Find job where.,Find job where.,Health & Fitness,375.99,Expense,0,955.2240789473684,2724.02,947.98,1102.9014285714286,1484.2586666666668,1.0,138097.19,143
1420,2024-09-26,2024,9,September,3,26,3,Thursday,39,4,0,0,0,Right know during someone.,Right know during someone.,Travel,947.98,Expense,0,1059.3611875,3492.63,382.43,1581.3314285714284,1523.1333333333334,0.0,157170.74,149
1419,2024-09-26,2024,9,September,3,26,3,Thursday,39,4,0,0,0,Smile cover of pm eight.,Smile cover of pm eight.,Travel,382.43,Expense,0,1059.3611875,3492.63,657.62,1714.4642857142858,1655.0673333333332,1.0,156222.76,148
1418,2024-09-25,2024,9,September,3,25,2,Wednesday,39,4,0,0,0,Military onto blue activity.,Military onto blue activity.,Rent,657.62,Expense,0,982.2750909090907,1771.1799999999998,1351.47,1676.652857142857,1665.2040000000002,1.0,153455.0,154
1417,2024-09-24,2024,9,September,3,24,1,Tuesday,39,4,0,0,0,Less into per big.,Less into per big.,Food & Drink,1351.47,Expense,0,1070.425436241611,3049.01,3085.0,1697.247142857143,1677.197,1.0,156404.29,144
1416,2024-09-23,2024,9,September,3,23,0,Monday,39,4,0,0,0,Ten skin perhaps.,Ten skin perhaps.,Other,3085.0,Income,1,2726.7279411764707,12739.0,919.82,1645.137142857143,1650.0813333333333,1.0,345680.0,129
1415,2024-09-22,2024,9,September,3,22,6,Sunday,38,4,1,0,0,Sure i pay.,Sure i pay.,Utilities,919.82,Expense,0,935.2482165605096,1037.5700000000002,3725.0,1345.817142857143,1587.8033333333335,1.0,141501.99,150
1414,2024-09-21,2024,9,September,3,21,5,Saturday,38,3,1,0,0,Big argue.,Big argue.,Other,3725.0,Income,1,2726.7279411764707,12739.0,1879.91,1456.92,1580.5253333333335,3.0,342595.0,128
1413,2024-09-18,2024,9,September,3,18,2,Wednesday,38,3,0,0,0,Artist sort area.,Artist sort area.,Salary,1879.91,Expense,0,1020.9147260273973,1879.91,117.75,1572.634285714286,1517.6640000000002,1.0,138437.08,137
1412,2024-09-17,2024,9,September,3,17,1,Tuesday,38,3,0,0,0,True help.,True help.,Utilities,117.75,Expense,0,935.2482165605096,1037.5700000000002,801.78,1349.8514285714286,1489.6773333333333,0.0,140582.17,149
1411,2024-09-17,2024,9,September,3,17,1,Tuesday,38,3,0,0,0,Personal often.,Personal often.,Travel,801.78,Expense,0,1059.3611875,3492.63,986.7,1571.8200000000002,1509.5096666666666,0.0,155840.33,147
1410,2024-09-17,2024,9,September,3,17,1,Tuesday,38,3,0,0,0,Mind door authority outside.,Mind door authority outside.,Travel,986.7,Expense,0,1059.3611875,3492.63,989.76,1839.28,1523.1503333333335,1.0,155038.55,146
1409,2024-09-16,2024,9,September,3,16,0,Monday,38,3,0,0,0,East list when.,East list when.,Health & Fitness,989.76,Expense,0,955.2240789473684,2724.02,1697.54,1841.61,1506.4643333333331,1.0,137721.2,142
1408,2024-09-15,2024,9,September,3,15,6,Sunday,37,3,1,0,0,Or phone.,Or phone.,Food & Drink,1697.54,Expense,0,1070.425436241611,3049.01,4535.0,1753.607142857143,1514.6133333333337,2.0,155052.82,143
1407,2024-09-13,2024,9,September,3,13,4,Friday,37,2,0,0,0,As personal agreement.,As personal agreement.,Investment,4535.0,Income,1,2558.112676056338,7209.0,320.43,1670.1814285714286,1471.2803333333334,3.0,344764.0,134
1406,2024-09-10,2024,9,September,3,10,1,Tuesday,37,2,0,0,0,True culture.,True culture.,Health & Fitness,320.43,Expense,0,955.2240789473684,2724.02,1671.53,1215.2757142857142,1349.5653333333332,2.0,136731.44,141
1405,2024-09-08,2024,9,September,3,8,6,Sunday,36,2,1,0,0,Wrong difficult.,Wrong difficult.,Entertainment,1671.53,Expense,0,1036.122167832168,2674.54,2674.0,1654.642857142857,1401.95,1.0,144668.91,140
1404,2024-09-07,2024,9,September,3,7,5,Saturday,36,1,1,0,0,Mother first hot free.,Mother first hot free.,Investment,2674.0,Income,1,2558.112676056338,7209.0,1003.01,1777.7100000000005,1387.292,1.0,340229.0,133
1403,2024-09-06,2024,9,September,3,6,4,Friday,36,1,0,0,0,Guess service this different.,Guess service this different.,Entertainment,1003.01,Expense,0,1036.122167832168,2674.54,373.74,1543.9728571428573,1346.55,1.0,142997.38,139
1402,2024-09-05,2024,9,September,3,5,3,Thursday,36,1,0,0,0,Item yet ever quite.,Item yet ever quite.,Travel,373.74,Expense,0,1059.3611875,3492.63,1113.56,1629.5885714285716,1330.9013333333337,0.0,154051.85,145
1401,2024-09-05,2024,9,September,3,5,3,Thursday,36,1,0,0,0,Talk thing rock ever summer.,Talk thing rock ever summer.,Rent,1113.56,Expense,0,982.2750909090907,1771.1799999999998,1350.66,1757.767142857143,1380.192,0.0,152797.38,153
