date,description_clean,category,amount
2020-08-22,Down occur.,Food & Drink,1999.82
2020-11-12,Order his oil west school.,Food & Drink,1999.15
2021-03-19,Across nothing.,Food & Drink,1997.19
2022-01-21,Enter example down anyone occur.,Health & Fitness,1996.26
2020-12-28,Song risk bad.,Travel,1994.88
2024-02-24,Cup red collection husband.,Salary,1993.3
2022-04-05,Marriage participant.,Utilities,1985.77
2023-09-16,Quite everyone as generation.,Utilities,1984.77
2021-06-06,Wait it quickly produce beat.,Salary,1982.06
2022-06-18,Day stock.,Entertainment,1980.56
